INSERT INTO `dbversion_history` (`guid`, `version`, `script_name`, `created_time`) VALUES (UNHEX(REPLACE(UUID(),'-','')), 'V2_0_0_06', 'patch_V2_0_0_6_DataSetup.sql', NOW());    

INSERT INTO menu_nodes (guid, id, parent_guid, parent_id, name, module_name, display_order, is_visible, created_by, created_time, updated_by, updated_time)  VALUES 
(UNHEX(REPLACE('00000000-0000-0000-0000-000000000001','-','')),1,null,null,'dashboards','dashboards', 0, 'Y', 'admin@verifone.com', NOW(), 'admin@verifone.com', NOW()),
(UNHEX(REPLACE('00000000-0000-0000-0000-000000000002','-','')),2,UNHEX(REPLACE('00000000-0000-0000-0000-000000000001','-','')),1,'gatewayProductivity','gatewayProductivity', 1, 'Y', 'admin@verifone.com', NOW(), 'admin@verifone.com', NOW()),
(UNHEX(REPLACE('00000000-0000-0000-0000-000000000003','-','')),3,UNHEX(REPLACE('00000000-0000-0000-0000-000000000001','-','')),1,'coreProductivity','coreProductivity', 2, 'Y', 'admin@verifone.com', NOW(), 'admin@verifone.com', NOW()),
(UNHEX(REPLACE('00000000-0000-0000-0000-000000000004','-','')),4,null,null,'applications','applications', 3, 'Y', 'admin@verifone.com', NOW(), 'admin@verifone.com', NOW()),
(UNHEX(REPLACE('00000000-0000-0000-0000-000000000005','-','')),5,null,null,'activations','activations', 4, 'Y', 'admin@verifone.com', NOW(), 'admin@verifone.com', NOW()),
(UNHEX(REPLACE('00000000-0000-0000-0000-000000000006','-','')),6,null,null,'filters','filters', 5, 'Y', 'admin@verifone.com', NOW(), 'admin@verifone.com', NOW()),
(UNHEX(REPLACE('00000000-0000-0000-0000-000000000007','-','')),7,null,null,'searchForLogs','searchForLogs', 6, 'Y', 'admin@verifone.com', NOW(), 'admin@verifone.com', NOW()),
(UNHEX(REPLACE('00000000-0000-0000-0000-000000000008','-','')),8,null,null,'alerts.list','alerts.list', 7, 'Y', 'admin@verifone.com', NOW(), 'admin@verifone.com', NOW()),
(UNHEX(REPLACE('00000000-0000-0000-0000-000000000009','-','')),9,null,null,'reports.list','reports.list', 8, 'Y', 'admin@verifone.com', NOW(), 'admin@verifone.com', NOW()),
(UNHEX(REPLACE('00000000-0000-0000-0000-000000000010','-','')),10,null,null,'packagingServicesSignPackage','packagingServicesSignPackage', 9, 'Y', 'admin@verifone.com', NOW(), 'admin@verifone.com', NOW()),
(UNHEX(REPLACE('00000000-0000-0000-0000-000000000011','-','')),11,null,null,'system','system', 10, 'Y', 'admin@verifone.com', NOW(), 'admin@verifone.com', NOW()),
(UNHEX(REPLACE('00000000-0000-0000-0000-000000000012','-','')),12,UNHEX(REPLACE('00000000-0000-0000-0000-000000000011','-','')),11,'systemParameters','systemParameters', 11, 'Y', 'admin@verifone.com', NOW(), 'admin@verifone.com', NOW()),
(UNHEX(REPLACE('00000000-0000-0000-0000-000000000013','-','')),13,UNHEX(REPLACE('00000000-0000-0000-0000-000000000011','-','')),11,'systemdbVersion','systemdbVersion', 12, 'Y', 'admin@verifone.com', NOW(), 'admin@verifone.com', NOW()),
(UNHEX(REPLACE('00000000-0000-0000-0000-000000000014','-','')),14,UNHEX(REPLACE('00000000-0000-0000-0000-000000000011','-','')),11,'logConfigurations','logConfigurations', 13, 'Y', 'admin@verifone.com', NOW(), 'admin@verifone.com', NOW()),
(UNHEX(REPLACE('00000000-0000-0000-0000-000000000015','-','')),15,UNHEX(REPLACE('00000000-0000-0000-0000-000000000011','-','')),11,'Workgroup','Workgroup', 14, 'Y', 'admin@verifone.com', NOW(), 'admin@verifone.com', NOW()),
(UNHEX(REPLACE('00000000-0000-0000-0000-000000000016','-','')),16,UNHEX(REPLACE('00000000-0000-0000-0000-000000000011','-','')),11,'batchSyncEsbEntities','batchSyncEsbEntities', 15, 'Y', 'admin@verifone.com', NOW(), 'admin@verifone.com', NOW()),
(UNHEX(REPLACE('00000000-0000-0000-0000-000000000017','-','')),17,UNHEX(REPLACE('00000000-0000-0000-0000-000000000011','-','')),11,'allowedProcessingScenarios','allowedProcessingScenarios', 16, 'Y', 'admin@verifone.com', NOW(), 'admin@verifone.com', NOW()),
(UNHEX(REPLACE('00000000-0000-0000-0000-000000000018','-','')),18,null,null,'CodeTables','CodeTables', 17, 'Y', 'admin@verifone.com', NOW(), 'admin@verifone.com', NOW()),
(UNHEX(REPLACE('00000000-0000-0000-0000-000000000019','-','')),19,UNHEX(REPLACE('00000000-0000-0000-0000-000000000018','-','')),18,'Translation','Translation', 18, 'Y', 'admin@verifone.com', NOW(), 'admin@verifone.com', NOW()),
(UNHEX(REPLACE('00000000-0000-0000-0000-000000000020','-','')),20,UNHEX(REPLACE('00000000-0000-0000-0000-000000000018','-','')),18,'protocol','protocol', 19, 'Y', 'admin@verifone.com', NOW(), 'admin@verifone.com', NOW()),
(UNHEX(REPLACE('00000000-0000-0000-0000-000000000021','-','')),21,UNHEX(REPLACE('00000000-0000-0000-0000-000000000018','-','')),18,'status','status', 20, 'Y', 'admin@verifone.com', NOW(), 'admin@verifone.com', NOW()),
(UNHEX(REPLACE('00000000-0000-0000-0000-000000000022','-','')),22,UNHEX(REPLACE('00000000-0000-0000-0000-000000000018','-','')),18,'activationStatus','activationStatus', 21, 'Y', 'admin@verifone.com', NOW(), 'admin@verifone.com', NOW()),
(UNHEX(REPLACE('00000000-0000-0000-0000-000000000023','-','')),23,UNHEX(REPLACE('00000000-0000-0000-0000-000000000018','-','')),18,'filterType','filterType', 22, 'Y', 'admin@verifone.com', NOW(), 'admin@verifone.com', NOW()),
(UNHEX(REPLACE('00000000-0000-0000-0000-000000000024','-','')),24,UNHEX(REPLACE('00000000-0000-0000-0000-000000000018','-','')),18,'throttlingAccess','throttlingAccess', 23, 'Y', 'admin@verifone.com', NOW(), 'admin@verifone.com', NOW()),
(UNHEX(REPLACE('00000000-0000-0000-0000-000000000025','-','')),25,UNHEX(REPLACE('00000000-0000-0000-0000-000000000018','-','')),18,'languages','languages', 24, 'Y', 'admin@verifone.com', NOW(), 'admin@verifone.com', NOW()),
(UNHEX(REPLACE('00000000-0000-0000-0000-000000000026','-','')),26,UNHEX(REPLACE('00000000-0000-0000-0000-000000000018','-','')),18,'processingCodes','processingCodes', 25, 'Y', 'admin@verifone.com', NOW(), 'admin@verifone.com', NOW()),
(UNHEX(REPLACE('00000000-0000-0000-0000-000000000027','-','')),27,UNHEX(REPLACE('00000000-0000-0000-0000-000000000018','-','')),18,'processingTypes','processingTypes', 26, 'Y', 'admin@verifone.com', NOW(), 'admin@verifone.com', NOW()),
(UNHEX(REPLACE('00000000-0000-0000-0000-000000000028','-','')),28,UNHEX(REPLACE('00000000-0000-0000-0000-000000000018','-','')),18,'syslogSeverityLevel','syslogSeverityLevel', 27, 'Y', 'admin@verifone.com', NOW(), 'admin@verifone.com', NOW()),
(UNHEX(REPLACE('00000000-0000-0000-0000-000000000029','-','')),29,UNHEX(REPLACE('00000000-0000-0000-0000-000000000018','-','')),18,'basicValues','basicValues', 28, 'Y', 'admin@verifone.com', NOW(), 'admin@verifone.com', NOW()),
(UNHEX(REPLACE('00000000-0000-0000-0000-000000000030','-','')),30,UNHEX(REPLACE('00000000-0000-0000-0000-000000000018','-','')),18,'alertComparators','alertComparators', 29, 'Y', 'admin@verifone.com', NOW(), 'admin@verifone.com', NOW()),
(UNHEX(REPLACE('00000000-0000-0000-0000-000000000031','-','')),31,UNHEX(REPLACE('00000000-0000-0000-0000-000000000018','-','')),18,'os','os', 30, 'Y', 'admin@verifone.com', NOW(), 'admin@verifone.com', NOW()),
(UNHEX(REPLACE('00000000-0000-0000-0000-000000000032','-','')),32,UNHEX(REPLACE('00000000-0000-0000-0000-000000000018','-','')),18,'cryptoScenarios','cryptoScenarios', 31, 'Y', 'admin@verifone.com', NOW(), 'admin@verifone.com', NOW()),
(UNHEX(REPLACE('00000000-0000-0000-0000-000000000033','-','')),33,null,null,'Activities','activities', 32, 'N', 'admin@verifone.com', NOW(), 'admin@verifone.com', NOW()),
(UNHEX(REPLACE('00000000-0000-0000-0000-000000000034','-','')),34,null,null,'connectionConfigs','connectionConfigs', 33, 'N', 'admin@verifone.com', NOW(), 'admin@verifone.com', NOW()),
(UNHEX(REPLACE('00000000-0000-0000-0000-000000000035','-','')),35,null,null,'processings','processings', 34, 'N', 'admin@verifone.com', NOW(), 'admin@verifone.com', NOW()),
(UNHEX(REPLACE('00000000-0000-0000-0000-000000000036','-','')),36,null,null,'extractCSRData','extractCSRData', 35, 'N', 'admin@verifone.com', NOW(), 'admin@verifone.com', NOW()),
(UNHEX(REPLACE('00000000-0000-0000-0000-000000000037','-','')),37,null,null,'createCert','createCert', 36, 'N', 'admin@verifone.com', NOW(), 'admin@verifone.com', NOW()),
(UNHEX(REPLACE('00000000-0000-0000-0000-000000000038','-','')),38,null,null,'revokeCert','revokeCert', 37, 'N', 'admin@verifone.com', NOW(), 'admin@verifone.com', NOW()),
(UNHEX(REPLACE('00000000-0000-0000-0000-000000000039','-','')),39,null,null,'extractCertData','extractCertData', 38, 'N', 'admin@verifone.com', NOW(), 'admin@verifone.com', NOW()),
(UNHEX(REPLACE('00000000-0000-0000-0000-000000000040','-','')),40,null,null,'validateSignature','validateSignature', 39, 'N', 'admin@verifone.com', NOW(), 'admin@verifone.com', NOW()),
(UNHEX(REPLACE('00000000-0000-0000-0000-000000000041','-','')),41,null,null,'signData','signData', 40, 'N', 'admin@verifone.com', NOW(), 'admin@verifone.com', NOW()),
(UNHEX(REPLACE('00000000-0000-0000-0000-000000000042','-','')),42,null,null,'createAuthData','createAuthData', 41, 'N', 'admin@verifone.com', NOW(), 'admin@verifone.com', NOW()),
(UNHEX(REPLACE('00000000-0000-0000-0000-000000000043','-','')),43,null,null,'verifyAuthData','verifyAuthData', 42, 'N', 'admin@verifone.com', NOW(), 'admin@verifone.com', NOW()),
(UNHEX(REPLACE('00000000-0000-0000-0000-000000000044','-','')),44,null,null,'extractSignatureData','extractSignatureData', 43, 'N', 'admin@verifone.com', NOW(), 'admin@verifone.com', NOW()),
(UNHEX(REPLACE('00000000-0000-0000-0000-000000000045','-','')),45,null,null,'activeOn','activeOn', 44, 'N', 'admin@verifone.com', NOW(), 'admin@verifone.com', NOW()),
(UNHEX(REPLACE('00000000-0000-0000-0000-000000000046','-','')),46,null,null,'RoleActivities','roleActivities', 45, 'N', 'admin@verifone.com', NOW(), 'admin@verifone.com', NOW()),
(UNHEX(REPLACE('00000000-0000-0000-0000-000000000047','-','')),47,null,null,'signedUrl','signedUrl', 46, 'N', 'admin@verifone.com', NOW(), 'admin@verifone.com', NOW()),
(UNHEX(REPLACE('00000000-0000-0000-0000-000000000048','-','')),48,null,null,'MenuNodes','menuNodes', 47, 'N', 'admin@verifone.com', NOW(), 'admin@verifone.com', NOW()),
(UNHEX(REPLACE('00000000-0000-0000-0000-000000000049','-','')),49,null,null,'Status','Status', 48, 'N', 'admin@verifone.com', NOW(), 'admin@verifone.com', NOW()),
(UNHEX(REPLACE('00000000-0000-0000-0000-000000000050','-','')),50,null,null,'externalApplications','externalApplications', 49, 'N', 'admin@verifone.com', NOW(), 'admin@verifone.com', NOW()),
(UNHEX(REPLACE('00000000-0000-0000-0000-000000000051','-','')),51,null,null,'logs','logs', 50, 'N', 'admin@verifone.com', NOW(), 'admin@verifone.com', NOW()),
(UNHEX(REPLACE('00000000-0000-0000-0000-000000000052','-','')),52,null,null,'packagingServicesSignedUrl','packagingServicesSignedUrl', 51, 'N', 'admin@verifone.com', NOW(), 'admin@verifone.com', NOW());

INSERT INTO activities (guid, id, node_guid, node_id, name, uri, method, display_order, is_visible, mutual_ssl, allow_all, created_by, created_time, updated_by, updated_time) VALUES 
(UNHEX(REPLACE('00000000-0000-0000-0000-000000000001','-','')),1,UNHEX(REPLACE('00000000-0000-0000-0000-000000000002','-','')),2,'View','/splunk/auth/login','POST',1,'N','N','Y','admin@verifone.com', NOW(), 'admin@verifone.com', NOW()),
(UNHEX(REPLACE('00000000-0000-0000-0000-000000000002','-','')),2,UNHEX(REPLACE('00000000-0000-0000-0000-000000000003','-','')),3,'View','/splunk/auth/login','POST',1,'N','N','Y','admin@verifone.com', NOW(), 'admin@verifone.com', NOW()),
(UNHEX(REPLACE('00000000-0000-0000-0000-000000000003','-','')),3,UNHEX(REPLACE('00000000-0000-0000-0000-000000000004','-','')),4,'View','/privateApplications','GET',1,'N','N','Y','admin@verifone.com', NOW(), 'admin@verifone.com', NOW()),
(UNHEX(REPLACE('00000000-0000-0000-0000-000000000004','-','')),4,UNHEX(REPLACE('00000000-0000-0000-0000-000000000004','-','')),4,'Add','/privateApplications','POST',1,'N','N','Y','admin@verifone.com', NOW(), 'admin@verifone.com', NOW()),
(UNHEX(REPLACE('00000000-0000-0000-0000-000000000005','-','')),5,UNHEX(REPLACE('00000000-0000-0000-0000-000000000004','-','')),4,'Update','/privateApplications','PUT',1,'N','N','Y','admin@verifone.com', NOW(), 'admin@verifone.com', NOW()),
(UNHEX(REPLACE('00000000-0000-0000-0000-000000000006','-','')),6,UNHEX(REPLACE('00000000-0000-0000-0000-000000000004','-','')),4,'Delete','/privateApplications','DELETE',1,'N','N','Y','admin@verifone.com', NOW(), 'admin@verifone.com', NOW()),
(UNHEX(REPLACE('00000000-0000-0000-0000-000000000007','-','')),7,UNHEX(REPLACE('00000000-0000-0000-0000-000000000005','-','')),5,'View','/activationStates','GET',1,'N','N','Y','admin@verifone.com', NOW(), 'admin@verifone.com', NOW()),
(UNHEX(REPLACE('00000000-0000-0000-0000-000000000008','-','')),8,UNHEX(REPLACE('00000000-0000-0000-0000-000000000005','-','')),5,'Add','/activationStates','POST',1,'N','N','Y','admin@verifone.com', NOW(), 'admin@verifone.com', NOW()),
(UNHEX(REPLACE('00000000-0000-0000-0000-000000000009','-','')),9,UNHEX(REPLACE('00000000-0000-0000-0000-000000000005','-','')),5,'Update','/activationStates','PUT',1,'N','N','Y','admin@verifone.com', NOW(), 'admin@verifone.com', NOW()),
(UNHEX(REPLACE('00000000-0000-0000-0000-000000000010','-','')),10,UNHEX(REPLACE('00000000-0000-0000-0000-000000000005','-','')),5,'Delete','/activationStates','DELETE',1,'N','N','Y','admin@verifone.com', NOW(), 'admin@verifone.com', NOW()),
(UNHEX(REPLACE('00000000-0000-0000-0000-000000000011','-','')),11,UNHEX(REPLACE('00000000-0000-0000-0000-000000000005','-','')),5,'Upload','/activationStates','',1,'N','N','Y','admin@verifone.com', NOW(), 'admin@verifone.com', NOW()),
(UNHEX(REPLACE('00000000-0000-0000-0000-000000000012','-','')),12,UNHEX(REPLACE('00000000-0000-0000-0000-000000000005','-','')),5,'MultiActivation','/activationStates','',1,'N','N','Y','admin@verifone.com', NOW(), 'admin@verifone.com', NOW()),
(UNHEX(REPLACE('00000000-0000-0000-0000-000000000013','-','')),13,UNHEX(REPLACE('00000000-0000-0000-0000-000000000006','-','')),6,'View','/filters','GET',1,'N','N','Y','admin@verifone.com', NOW(), 'admin@verifone.com', NOW()),
(UNHEX(REPLACE('00000000-0000-0000-0000-000000000014','-','')),14,UNHEX(REPLACE('00000000-0000-0000-0000-000000000006','-','')),6,'Add','/filters','POST',1,'N','N','Y','admin@verifone.com', NOW(), 'admin@verifone.com', NOW()),
(UNHEX(REPLACE('00000000-0000-0000-0000-000000000015','-','')),15,UNHEX(REPLACE('00000000-0000-0000-0000-000000000006','-','')),6,'Update','/filters','PUT',1,'N','N','Y','admin@verifone.com', NOW(), 'admin@verifone.com', NOW()),
(UNHEX(REPLACE('00000000-0000-0000-0000-000000000016','-','')),16,UNHEX(REPLACE('00000000-0000-0000-0000-000000000006','-','')),6,'Delete','/filters','DELETE',1,'N','N','Y','admin@verifone.com', NOW(), 'admin@verifone.com', NOW()),
(UNHEX(REPLACE('00000000-0000-0000-0000-000000000017','-','')),17,UNHEX(REPLACE('00000000-0000-0000-0000-000000000007','-','')),7,'View','/splunk/auth/login','POST',1,'N','N','Y','admin@verifone.com', NOW(), 'admin@verifone.com', NOW()),
(UNHEX(REPLACE('00000000-0000-0000-0000-000000000018','-','')),18,UNHEX(REPLACE('00000000-0000-0000-0000-000000000008','-','')),8,'View','/splunk/auth/login','POST',1,'N','N','Y','admin@verifone.com', NOW(), 'admin@verifone.com', NOW()),
(UNHEX(REPLACE('00000000-0000-0000-0000-000000000019','-','')),19,UNHEX(REPLACE('00000000-0000-0000-0000-000000000009','-','')),9,'View','/splunk/auth/login','POST',1,'N','N','Y','admin@verifone.com', NOW(), 'admin@verifone.com', NOW()),
(UNHEX(REPLACE('00000000-0000-0000-0000-000000000020','-','')),20,UNHEX(REPLACE('00000000-0000-0000-0000-000000000010','-','')),10,'View','/packagingServices/signPackage','POST',1,'N','N','Y','admin@verifone.com', NOW(), 'admin@verifone.com', NOW()),
(UNHEX(REPLACE('00000000-0000-0000-0000-000000000021','-','')),21,UNHEX(REPLACE('00000000-0000-0000-0000-000000000012','-','')),12,'Update','/systemParameters','PUT',1,'N','N','Y','admin@verifone.com', NOW(), 'admin@verifone.com', NOW()),
(UNHEX(REPLACE('00000000-0000-0000-0000-000000000022','-','')),22,UNHEX(REPLACE('00000000-0000-0000-0000-000000000012','-','')),12,'View','/systemParameters','GET',1,'N','N','Y','admin@verifone.com', NOW(), 'admin@verifone.com', NOW()),
(UNHEX(REPLACE('00000000-0000-0000-0000-000000000023','-','')),23,UNHEX(REPLACE('00000000-0000-0000-0000-000000000013','-','')),13,'View','/dbversionHistory','GET',1,'N','N','Y','admin@verifone.com', NOW(), 'admin@verifone.com', NOW()),
(UNHEX(REPLACE('00000000-0000-0000-0000-000000000024','-','')),24,UNHEX(REPLACE('00000000-0000-0000-0000-000000000014','-','')),14,'View','/serviceConfigurations','GET',1,'N','N','Y','admin@verifone.com', NOW(), 'admin@verifone.com', NOW()),
(UNHEX(REPLACE('00000000-0000-0000-0000-000000000025','-','')),25,UNHEX(REPLACE('00000000-0000-0000-0000-000000000014','-','')),14,'Add','/serviceConfigurations','POST',1,'N','N','Y','admin@verifone.com', NOW(), 'admin@verifone.com', NOW()),
(UNHEX(REPLACE('00000000-0000-0000-0000-000000000026','-','')),26,UNHEX(REPLACE('00000000-0000-0000-0000-000000000014','-','')),14,'Update','/serviceConfigurations','PUT',1,'N','N','Y','admin@verifone.com', NOW(), 'admin@verifone.com', NOW()),
(UNHEX(REPLACE('00000000-0000-0000-0000-000000000027','-','')),27,UNHEX(REPLACE('00000000-0000-0000-0000-000000000014','-','')),14,'Delete','/serviceConfigurations','DELETE',1,'N','N','Y','admin@verifone.com', NOW(), 'admin@verifone.com', NOW()),
(UNHEX(REPLACE('00000000-0000-0000-0000-000000000028','-','')),28,UNHEX(REPLACE('00000000-0000-0000-0000-000000000015','-','')),15,'View','/roles','GET',1,'N','N','Y','admin@verifone.com', NOW(), 'admin@verifone.com', NOW()),
(UNHEX(REPLACE('00000000-0000-0000-0000-000000000029','-','')),29,UNHEX(REPLACE('00000000-0000-0000-0000-000000000015','-','')),15,'Update','/roles','PUT',1,'N','N','Y','admin@verifone.com', NOW(), 'admin@verifone.com', NOW()),
(UNHEX(REPLACE('00000000-0000-0000-0000-000000000030','-','')),30,UNHEX(REPLACE('00000000-0000-0000-0000-000000000016','-','')),16,'View','/batchSyncEsbEntities','GET',1,'N','N','Y','admin@verifone.com', NOW(), 'admin@verifone.com', NOW()),
(UNHEX(REPLACE('00000000-0000-0000-0000-000000000031','-','')),31,UNHEX(REPLACE('00000000-0000-0000-0000-000000000017','-','')),17,'View','/allowedProcessingScenarios','GET',1,'N','N','Y','admin@verifone.com', NOW(), 'admin@verifone.com', NOW()),
(UNHEX(REPLACE('00000000-0000-0000-0000-000000000032','-','')),32,UNHEX(REPLACE('00000000-0000-0000-0000-000000000017','-','')),17,'Add','/allowedProcessingScenarios','POST',1,'N','N','Y','admin@verifone.com', NOW(), 'admin@verifone.com', NOW()),
(UNHEX(REPLACE('00000000-0000-0000-0000-000000000033','-','')),33,UNHEX(REPLACE('00000000-0000-0000-0000-000000000017','-','')),17,'Update','/allowedProcessingScenarios','PUT',1,'N','N','Y','admin@verifone.com', NOW(), 'admin@verifone.com', NOW()),
(UNHEX(REPLACE('00000000-0000-0000-0000-000000000034','-','')),34,UNHEX(REPLACE('00000000-0000-0000-0000-000000000017','-','')),17,'Delete','/allowedProcessingScenarios','DELETE',1,'N','N','Y','admin@verifone.com', NOW(), 'admin@verifone.com', NOW()),
(UNHEX(REPLACE('00000000-0000-0000-0000-000000000035','-','')),35,UNHEX(REPLACE('00000000-0000-0000-0000-000000000019','-','')),19,'Add','/translations','POST',1,'N','N','Y','admin@verifone.com', NOW(), 'admin@verifone.com', NOW()),
(UNHEX(REPLACE('00000000-0000-0000-0000-000000000036','-','')),36,UNHEX(REPLACE('00000000-0000-0000-0000-000000000019','-','')),19,'Update','/translations','PUT',1,'N','N','Y','admin@verifone.com', NOW(), 'admin@verifone.com', NOW()),
(UNHEX(REPLACE('00000000-0000-0000-0000-000000000037','-','')),37,UNHEX(REPLACE('00000000-0000-0000-0000-000000000019','-','')),19,'Delete','/translations','DELETE',1,'N','N','Y','admin@verifone.com', NOW(), 'admin@verifone.com', NOW()),
(UNHEX(REPLACE('00000000-0000-0000-0000-000000000038','-','')),38,UNHEX(REPLACE('00000000-0000-0000-0000-000000000019','-','')),19,'View','/translations','GET',1,'N','N','Y','admin@verifone.com', NOW(), 'admin@verifone.com', NOW()),
(UNHEX(REPLACE('00000000-0000-0000-0000-000000000039','-','')),39,UNHEX(REPLACE('00000000-0000-0000-0000-000000000020','-','')),20,'Add','/protocol','POST',1,'N','N','Y','admin@verifone.com', NOW(), 'admin@verifone.com', NOW()),
(UNHEX(REPLACE('00000000-0000-0000-0000-000000000040','-','')),40,UNHEX(REPLACE('00000000-0000-0000-0000-000000000020','-','')),20,'Update','/protocol','PUT',1,'N','N','Y','admin@verifone.com', NOW(), 'admin@verifone.com', NOW()),
(UNHEX(REPLACE('00000000-0000-0000-0000-000000000041','-','')),41,UNHEX(REPLACE('00000000-0000-0000-0000-000000000020','-','')),20,'Delete','/protocol','DELETE',1,'N','N','Y','admin@verifone.com', NOW(), 'admin@verifone.com', NOW()),
(UNHEX(REPLACE('00000000-0000-0000-0000-000000000042','-','')),42,UNHEX(REPLACE('00000000-0000-0000-0000-000000000020','-','')),20,'View','/protocol','GET',1,'N','N','Y','admin@verifone.com', NOW(), 'admin@verifone.com', NOW()),
(UNHEX(REPLACE('00000000-0000-0000-0000-000000000043','-','')),43,UNHEX(REPLACE('00000000-0000-0000-0000-000000000021','-','')),21,'Add','/status','POST',1,'N','N','Y','admin@verifone.com', NOW(), 'admin@verifone.com', NOW()),
(UNHEX(REPLACE('00000000-0000-0000-0000-000000000044','-','')),44,UNHEX(REPLACE('00000000-0000-0000-0000-000000000021','-','')),21,'Update','/status','PUT',1,'N','N','Y','admin@verifone.com', NOW(), 'admin@verifone.com', NOW()),
(UNHEX(REPLACE('00000000-0000-0000-0000-000000000045','-','')),45,UNHEX(REPLACE('00000000-0000-0000-0000-000000000021','-','')),21,'Delete','/status','DELETE',1,'N','N','Y','admin@verifone.com', NOW(), 'admin@verifone.com', NOW()),
(UNHEX(REPLACE('00000000-0000-0000-0000-000000000046','-','')),46,UNHEX(REPLACE('00000000-0000-0000-0000-000000000021','-','')),21,'View','/status','GET',1,'N','N','Y','admin@verifone.com', NOW(), 'admin@verifone.com', NOW()),
(UNHEX(REPLACE('00000000-0000-0000-0000-000000000047','-','')),47,UNHEX(REPLACE('00000000-0000-0000-0000-000000000022','-','')),22,'Add','/activationStatus','POST',1,'N','N','Y','admin@verifone.com', NOW(), 'admin@verifone.com', NOW()),
(UNHEX(REPLACE('00000000-0000-0000-0000-000000000048','-','')),48,UNHEX(REPLACE('00000000-0000-0000-0000-000000000022','-','')),22,'Update','/activationStatus','PUT',1,'N','N','Y','admin@verifone.com', NOW(), 'admin@verifone.com', NOW()),
(UNHEX(REPLACE('00000000-0000-0000-0000-000000000049','-','')),49,UNHEX(REPLACE('00000000-0000-0000-0000-000000000022','-','')),22,'Delete','/activationStatus','DELETE',1,'N','N','Y','admin@verifone.com', NOW(), 'admin@verifone.com', NOW()),
(UNHEX(REPLACE('00000000-0000-0000-0000-000000000050','-','')),50,UNHEX(REPLACE('00000000-0000-0000-0000-000000000022','-','')),22,'View','/activationStatus','GET',1,'N','N','Y','admin@verifone.com', NOW(), 'admin@verifone.com', NOW()),
(UNHEX(REPLACE('00000000-0000-0000-0000-000000000051','-','')),51,UNHEX(REPLACE('00000000-0000-0000-0000-000000000023','-','')),23,'Add','/filterType','POST',1,'N','N','Y','admin@verifone.com', NOW(), 'admin@verifone.com', NOW()),
(UNHEX(REPLACE('00000000-0000-0000-0000-000000000052','-','')),52,UNHEX(REPLACE('00000000-0000-0000-0000-000000000023','-','')),23,'Update','/filterType','PUT',1,'N','N','Y','admin@verifone.com', NOW(), 'admin@verifone.com', NOW()),
(UNHEX(REPLACE('00000000-0000-0000-0000-000000000053','-','')),53,UNHEX(REPLACE('00000000-0000-0000-0000-000000000023','-','')),23,'Delete','/filterType','DELETE',1,'N','N','Y','admin@verifone.com', NOW(), 'admin@verifone.com', NOW()),
(UNHEX(REPLACE('00000000-0000-0000-0000-000000000054','-','')),54,UNHEX(REPLACE('00000000-0000-0000-0000-000000000023','-','')),23,'View','/filterType','GET',1,'N','N','Y','admin@verifone.com', NOW(), 'admin@verifone.com', NOW()),
(UNHEX(REPLACE('00000000-0000-0000-0000-000000000055','-','')),55,UNHEX(REPLACE('00000000-0000-0000-0000-000000000024','-','')),24,'Add','/throttlingAccess','POST',1,'N','N','Y','admin@verifone.com', NOW(), 'admin@verifone.com', NOW()),
(UNHEX(REPLACE('00000000-0000-0000-0000-000000000056','-','')),56,UNHEX(REPLACE('00000000-0000-0000-0000-000000000024','-','')),24,'Update','/throttlingAccess','PUT',1,'N','N','Y','admin@verifone.com', NOW(), 'admin@verifone.com', NOW()),
(UNHEX(REPLACE('00000000-0000-0000-0000-000000000057','-','')),57,UNHEX(REPLACE('00000000-0000-0000-0000-000000000024','-','')),24,'Delete','/throttlingAccess','DELETE',1,'N','N','Y','admin@verifone.com', NOW(), 'admin@verifone.com', NOW()),
(UNHEX(REPLACE('00000000-0000-0000-0000-000000000058','-','')),58,UNHEX(REPLACE('00000000-0000-0000-0000-000000000024','-','')),24,'View','/throttlingAccess','GET',1,'N','N','Y','admin@verifone.com', NOW(), 'admin@verifone.com', NOW()),
(UNHEX(REPLACE('00000000-0000-0000-0000-000000000059','-','')),59,UNHEX(REPLACE('00000000-0000-0000-0000-000000000025','-','')),25,'Add','/languages','POST',1,'N','N','Y','admin@verifone.com', NOW(), 'admin@verifone.com', NOW()),
(UNHEX(REPLACE('00000000-0000-0000-0000-000000000060','-','')),60,UNHEX(REPLACE('00000000-0000-0000-0000-000000000025','-','')),25,'Update','/languages','PUT',1,'N','N','Y','admin@verifone.com', NOW(), 'admin@verifone.com', NOW()),
(UNHEX(REPLACE('00000000-0000-0000-0000-000000000061','-','')),61,UNHEX(REPLACE('00000000-0000-0000-0000-000000000025','-','')),25,'Delete','/languages','DELETE',1,'N','N','Y','admin@verifone.com', NOW(), 'admin@verifone.com', NOW()),
(UNHEX(REPLACE('00000000-0000-0000-0000-000000000062','-','')),62,UNHEX(REPLACE('00000000-0000-0000-0000-000000000025','-','')),25,'View','/languages','GET',1,'N','N','Y','admin@verifone.com', NOW(), 'admin@verifone.com', NOW()),
(UNHEX(REPLACE('00000000-0000-0000-0000-000000000063','-','')),63,UNHEX(REPLACE('00000000-0000-0000-0000-000000000026','-','')),26,'Add','/processingCodes','POST',1,'N','N','Y','admin@verifone.com', NOW(), 'admin@verifone.com', NOW()),
(UNHEX(REPLACE('00000000-0000-0000-0000-000000000064','-','')),64,UNHEX(REPLACE('00000000-0000-0000-0000-000000000026','-','')),26,'Update','/processingCodes','PUT',1,'N','N','Y','admin@verifone.com', NOW(), 'admin@verifone.com', NOW()),
(UNHEX(REPLACE('00000000-0000-0000-0000-000000000065','-','')),65,UNHEX(REPLACE('00000000-0000-0000-0000-000000000026','-','')),26,'Delete','/processingCodes','DELETE',1,'N','N','Y','admin@verifone.com', NOW(), 'admin@verifone.com', NOW()),
(UNHEX(REPLACE('00000000-0000-0000-0000-000000000066','-','')),66,UNHEX(REPLACE('00000000-0000-0000-0000-000000000026','-','')),26,'View','/processingCodes','GET',1,'N','N','Y','admin@verifone.com', NOW(), 'admin@verifone.com', NOW()),
(UNHEX(REPLACE('00000000-0000-0000-0000-000000000067','-','')),67,UNHEX(REPLACE('00000000-0000-0000-0000-000000000027','-','')),27,'Add','/processingTypes','POST',1,'N','N','Y','admin@verifone.com', NOW(), 'admin@verifone.com', NOW()),
(UNHEX(REPLACE('00000000-0000-0000-0000-000000000068','-','')),68,UNHEX(REPLACE('00000000-0000-0000-0000-000000000027','-','')),27,'Update','/processingTypes','PUT',1,'N','N','Y','admin@verifone.com', NOW(), 'admin@verifone.com', NOW()),
(UNHEX(REPLACE('00000000-0000-0000-0000-000000000069','-','')),69,UNHEX(REPLACE('00000000-0000-0000-0000-000000000027','-','')),27,'Delete','/processingTypes','DELETE',1,'N','N','Y','admin@verifone.com', NOW(), 'admin@verifone.com', NOW()),
(UNHEX(REPLACE('00000000-0000-0000-0000-000000000070','-','')),70,UNHEX(REPLACE('00000000-0000-0000-0000-000000000027','-','')),27,'View','/processingTypes','GET',1,'N','N','Y','admin@verifone.com', NOW(), 'admin@verifone.com', NOW()),
(UNHEX(REPLACE('00000000-0000-0000-0000-000000000071','-','')),71,UNHEX(REPLACE('00000000-0000-0000-0000-000000000028','-','')),28,'Add','/syslogSeverityLevel','POST',1,'N','N','Y','admin@verifone.com', NOW(), 'admin@verifone.com', NOW()),
(UNHEX(REPLACE('00000000-0000-0000-0000-000000000072','-','')),72,UNHEX(REPLACE('00000000-0000-0000-0000-000000000028','-','')),28,'Update','/syslogSeverityLevel','PUT',1,'N','N','Y','admin@verifone.com', NOW(), 'admin@verifone.com', NOW()),
(UNHEX(REPLACE('00000000-0000-0000-0000-000000000073','-','')),73,UNHEX(REPLACE('00000000-0000-0000-0000-000000000028','-','')),28,'Delete','/syslogSeverityLevel','DELETE',1,'N','N','Y','admin@verifone.com', NOW(), 'admin@verifone.com', NOW()),
(UNHEX(REPLACE('00000000-0000-0000-0000-000000000074','-','')),74,UNHEX(REPLACE('00000000-0000-0000-0000-000000000028','-','')),28,'View','/syslogSeverityLevel','GET',1,'N','N','Y','admin@verifone.com', NOW(), 'admin@verifone.com', NOW()),
(UNHEX(REPLACE('00000000-0000-0000-0000-000000000075','-','')),75,UNHEX(REPLACE('00000000-0000-0000-0000-000000000029','-','')),29,'Add','/basicValues','POST',1,'N','N','Y','admin@verifone.com', NOW(), 'admin@verifone.com', NOW()),
(UNHEX(REPLACE('00000000-0000-0000-0000-000000000076','-','')),76,UNHEX(REPLACE('00000000-0000-0000-0000-000000000029','-','')),29,'Update','/basicValues','PUT',1,'N','N','Y','admin@verifone.com', NOW(), 'admin@verifone.com', NOW()),
(UNHEX(REPLACE('00000000-0000-0000-0000-000000000077','-','')),77,UNHEX(REPLACE('00000000-0000-0000-0000-000000000029','-','')),29,'Delete','/basicValues','DELETE',1,'N','N','Y','admin@verifone.com', NOW(), 'admin@verifone.com', NOW()),
(UNHEX(REPLACE('00000000-0000-0000-0000-000000000078','-','')),78,UNHEX(REPLACE('00000000-0000-0000-0000-000000000029','-','')),29,'View','/basicValues','GET',1,'N','N','Y','admin@verifone.com', NOW(), 'admin@verifone.com', NOW()),
(UNHEX(REPLACE('00000000-0000-0000-0000-000000000079','-','')),79,UNHEX(REPLACE('00000000-0000-0000-0000-000000000030','-','')),30,'Add','/alertComparators','POST',1,'N','N','Y','admin@verifone.com', NOW(), 'admin@verifone.com', NOW()),
(UNHEX(REPLACE('00000000-0000-0000-0000-000000000080','-','')),80,UNHEX(REPLACE('00000000-0000-0000-0000-000000000030','-','')),30,'Update','/alertComparators','PUT',1,'N','N','Y','admin@verifone.com', NOW(), 'admin@verifone.com', NOW()),
(UNHEX(REPLACE('00000000-0000-0000-0000-000000000081','-','')),81,UNHEX(REPLACE('00000000-0000-0000-0000-000000000030','-','')),30,'Delete','/alertComparators','DELETE',1,'N','N','Y','admin@verifone.com', NOW(), 'admin@verifone.com', NOW()),
(UNHEX(REPLACE('00000000-0000-0000-0000-000000000082','-','')),82,UNHEX(REPLACE('00000000-0000-0000-0000-000000000030','-','')),30,'View','/alertComparators','GET',1,'N','N','Y','admin@verifone.com', NOW(), 'admin@verifone.com', NOW()),
(UNHEX(REPLACE('00000000-0000-0000-0000-000000000083','-','')),83,UNHEX(REPLACE('00000000-0000-0000-0000-000000000031','-','')),31,'Add','/os','POST',1,'N','N','Y','admin@verifone.com', NOW(), 'admin@verifone.com', NOW()),
(UNHEX(REPLACE('00000000-0000-0000-0000-000000000084','-','')),84,UNHEX(REPLACE('00000000-0000-0000-0000-000000000031','-','')),31,'Update','/os','PUT',1,'N','N','Y','admin@verifone.com', NOW(), 'admin@verifone.com', NOW()),
(UNHEX(REPLACE('00000000-0000-0000-0000-000000000085','-','')),85,UNHEX(REPLACE('00000000-0000-0000-0000-000000000031','-','')),31,'Delete','/os','DELETE',1,'N','N','Y','admin@verifone.com', NOW(), 'admin@verifone.com', NOW()),
(UNHEX(REPLACE('00000000-0000-0000-0000-000000000086','-','')),86,UNHEX(REPLACE('00000000-0000-0000-0000-000000000031','-','')),31,'View','/os','GET',1,'N','N','Y','admin@verifone.com', NOW(), 'admin@verifone.com', NOW()),
(UNHEX(REPLACE('00000000-0000-0000-0000-000000000087','-','')),87,UNHEX(REPLACE('00000000-0000-0000-0000-000000000032','-','')),32,'Add','/cryptoScenarios','POST',1,'N','N','Y','admin@verifone.com', NOW(), 'admin@verifone.com', NOW()),
(UNHEX(REPLACE('00000000-0000-0000-0000-000000000088','-','')),88,UNHEX(REPLACE('00000000-0000-0000-0000-000000000032','-','')),32,'Update','/cryptoScenarios','PUT',1,'N','N','Y','admin@verifone.com', NOW(), 'admin@verifone.com', NOW()),
(UNHEX(REPLACE('00000000-0000-0000-0000-000000000089','-','')),89,UNHEX(REPLACE('00000000-0000-0000-0000-000000000032','-','')),32,'Delete','/cryptoScenarios','DELETE',1,'N','N','Y','admin@verifone.com', NOW(), 'admin@verifone.com', NOW()),
(UNHEX(REPLACE('00000000-0000-0000-0000-000000000090','-','')),90,UNHEX(REPLACE('00000000-0000-0000-0000-000000000032','-','')),32,'View','/cryptoScenarios','GET',1,'N','N','Y','admin@verifone.com', NOW(), 'admin@verifone.com', NOW()),
(UNHEX(REPLACE('00000000-0000-0000-0000-000000000091','-','')),91,UNHEX(REPLACE('00000000-0000-0000-0000-000000000033','-','')),33,'View','/activities','GET',1,'N','N','Y','admin@verifone.com', NOW(), 'admin@verifone.com', NOW()),
(UNHEX(REPLACE('00000000-0000-0000-0000-000000000092','-','')),92,UNHEX(REPLACE('00000000-0000-0000-0000-000000000034','-','')),34,'View','/connectionConfigs','GET',1,'N','N','Y','admin@verifone.com', NOW(), 'admin@verifone.com', NOW()),
(UNHEX(REPLACE('00000000-0000-0000-0000-000000000093','-','')),93,UNHEX(REPLACE('00000000-0000-0000-0000-000000000034','-','')),34,'Add','/connectionConfigs','POST',1,'N','N','Y','admin@verifone.com', NOW(), 'admin@verifone.com', NOW()),
(UNHEX(REPLACE('00000000-0000-0000-0000-000000000094','-','')),94,UNHEX(REPLACE('00000000-0000-0000-0000-000000000034','-','')),34,'Update','/connectionConfigs','PUT',1,'N','N','Y','admin@verifone.com', NOW(), 'admin@verifone.com', NOW()),
(UNHEX(REPLACE('00000000-0000-0000-0000-000000000095','-','')),95,UNHEX(REPLACE('00000000-0000-0000-0000-000000000034','-','')),34,'Delete','/connectionConfigs','DELETE',1,'N','N','Y','admin@verifone.com', NOW(), 'admin@verifone.com', NOW()),
(UNHEX(REPLACE('00000000-0000-0000-0000-000000000096','-','')),96,UNHEX(REPLACE('00000000-0000-0000-0000-000000000035','-','')),35,'View','/processings','GET',1,'N','N','Y','admin@verifone.com', NOW(), 'admin@verifone.com', NOW()),
(UNHEX(REPLACE('00000000-0000-0000-0000-000000000097','-','')),97,UNHEX(REPLACE('00000000-0000-0000-0000-000000000035','-','')),35,'Add','/processings','POST',1,'N','N','Y','admin@verifone.com', NOW(), 'admin@verifone.com', NOW()),
(UNHEX(REPLACE('00000000-0000-0000-0000-000000000098','-','')),98,UNHEX(REPLACE('00000000-0000-0000-0000-000000000035','-','')),35,'Update','/processings','PUT',1,'N','N','Y','admin@verifone.com', NOW(), 'admin@verifone.com', NOW()),
(UNHEX(REPLACE('00000000-0000-0000-0000-000000000099','-','')),99,UNHEX(REPLACE('00000000-0000-0000-0000-000000000035','-','')),35,'Delete','/processings','DELETE',1,'N','N','Y','admin@verifone.com', NOW(), 'admin@verifone.com', NOW()),
(UNHEX(REPLACE('00000000-0000-0000-0000-000000000100','-','')),100,UNHEX(REPLACE('00000000-0000-0000-0000-000000000036','-','')),36,'Add','/securityServices/extractCSRData','POST',1,'N','N','Y','admin@verifone.com', NOW(), 'admin@verifone.com', NOW()),
(UNHEX(REPLACE('00000000-0000-0000-0000-000000000101','-','')),101,UNHEX(REPLACE('00000000-0000-0000-0000-000000000037','-','')),37,'Add','/securityServices/createCert','POST',1,'N','N','Y','admin@verifone.com', NOW(), 'admin@verifone.com', NOW()),
(UNHEX(REPLACE('00000000-0000-0000-0000-000000000102','-','')),102,UNHEX(REPLACE('00000000-0000-0000-0000-000000000038','-','')),38,'Add','/securityServices/revokeCert','POST',1,'N','N','Y','admin@verifone.com', NOW(), 'admin@verifone.com', NOW()),
(UNHEX(REPLACE('00000000-0000-0000-0000-000000000103','-','')),103,UNHEX(REPLACE('00000000-0000-0000-0000-000000000039','-','')),39,'Add','/securityServices/extractCertData','POST',1,'N','N','Y','admin@verifone.com', NOW(), 'admin@verifone.com', NOW()),
(UNHEX(REPLACE('00000000-0000-0000-0000-000000000104','-','')),104,UNHEX(REPLACE('00000000-0000-0000-0000-000000000040','-','')),40,'Add','/securityServices/validateSignature','POST',1,'N','N','Y','admin@verifone.com', NOW(), 'admin@verifone.com', NOW()),
(UNHEX(REPLACE('00000000-0000-0000-0000-000000000105','-','')),105,UNHEX(REPLACE('00000000-0000-0000-0000-000000000041','-','')),41,'Add','/securityServices/signData','POST',1,'N','N','Y','admin@verifone.com', NOW(), 'admin@verifone.com', NOW()),
(UNHEX(REPLACE('00000000-0000-0000-0000-000000000106','-','')),106,UNHEX(REPLACE('00000000-0000-0000-0000-000000000042','-','')),42,'Add','/securityServices/createAuthData','POST',1,'N','N','Y','admin@verifone.com', NOW(), 'admin@verifone.com', NOW()),
(UNHEX(REPLACE('00000000-0000-0000-0000-000000000107','-','')),107,UNHEX(REPLACE('00000000-0000-0000-0000-000000000043','-','')),43,'Add','/securityServices/verifyAuthData','POST',1,'N','N','Y','admin@verifone.com', NOW(), 'admin@verifone.com', NOW()),
(UNHEX(REPLACE('00000000-0000-0000-0000-000000000108','-','')),108,UNHEX(REPLACE('00000000-0000-0000-0000-000000000044','-','')),44,'Add','/securityServices/extractSignatureData','POST',1,'N','N','Y','admin@verifone.com', NOW(), 'admin@verifone.com', NOW()),
(UNHEX(REPLACE('00000000-0000-0000-0000-000000000109','-','')),109,UNHEX(REPLACE('00000000-0000-0000-0000-000000000045','-','')),45,'View','/activationStates/activeOn','GET',1,'N','N','Y','admin@verifone.com', NOW(), 'admin@verifone.com', NOW()),
(UNHEX(REPLACE('00000000-0000-0000-0000-000000000110','-','')),110,UNHEX(REPLACE('00000000-0000-0000-0000-000000000046','-','')),46,'View','/roleActivities','GET',1,'N','N','Y','admin@verifone.com', NOW(), 'admin@verifone.com', NOW()),
(UNHEX(REPLACE('00000000-0000-0000-0000-000000000111','-','')),111,UNHEX(REPLACE('00000000-0000-0000-0000-000000000046','-','')),46,'Update','/roleActivities','PUT',1,'N','N','Y','admin@verifone.com', NOW(), 'admin@verifone.com', NOW()),
(UNHEX(REPLACE('00000000-0000-0000-0000-000000000112','-','')),112,UNHEX(REPLACE('00000000-0000-0000-0000-000000000047','-','')),47,'Add','/activationStates/signedUrl','POST',1,'N','N','Y','admin@verifone.com', NOW(), 'admin@verifone.com', NOW()),
(UNHEX(REPLACE('00000000-0000-0000-0000-000000000113','-','')),113,UNHEX(REPLACE('00000000-0000-0000-0000-000000000048','-','')),48,'View','/menuNodes','GET',1,'N','N','Y','admin@verifone.com', NOW(), 'admin@verifone.com', NOW()),
(UNHEX(REPLACE('00000000-0000-0000-0000-000000000114','-','')),114,UNHEX(REPLACE('00000000-0000-0000-0000-000000000049','-','')),49,'View','/Status','GET',1,'N','N','Y','admin@verifone.com', NOW(), 'admin@verifone.com', NOW()),
(UNHEX(REPLACE('00000000-0000-0000-0000-000000000115','-','')),115,UNHEX(REPLACE('00000000-0000-0000-0000-000000000050','-','')),50,'View','/applications','GET',1,'N','N','Y','admin@verifone.com', NOW(), 'admin@verifone.com', NOW()),
(UNHEX(REPLACE('00000000-0000-0000-0000-000000000116','-','')),116,UNHEX(REPLACE('00000000-0000-0000-0000-000000000050','-','')),50,'Add','/applications','POST',1,'N','N','Y','admin@verifone.com', NOW(), 'admin@verifone.com', NOW()),
(UNHEX(REPLACE('00000000-0000-0000-0000-000000000117','-','')),117,UNHEX(REPLACE('00000000-0000-0000-0000-000000000050','-','')),50,'Update','/applications','PUT',1,'N','N','Y','admin@verifone.com', NOW(), 'admin@verifone.com', NOW()),
(UNHEX(REPLACE('00000000-0000-0000-0000-000000000118','-','')),118,UNHEX(REPLACE('00000000-0000-0000-0000-000000000050','-','')),50,'Delete','/applications','DELETE',1,'N','N','Y','admin@verifone.com', NOW(), 'admin@verifone.com', NOW()),
(UNHEX(REPLACE('00000000-0000-0000-0000-000000000119','-','')),119,UNHEX(REPLACE('00000000-0000-0000-0000-000000000051','-','')),51,'Add','/logs','POST',1,'N','N','Y','admin@verifone.com', NOW(), 'admin@verifone.com', NOW()),
(UNHEX(REPLACE('00000000-0000-0000-0000-000000000120','-','')),120,UNHEX(REPLACE('00000000-0000-0000-0000-000000000052','-','')),52,'Add','/packagingServices/signedUrl','POST',1,'N','N','Y','admin@verifone.com', NOW(), 'admin@verifone.com', NOW());

INSERT INTO role_activities (guid, role_name, activity_guid, activity_id, created_by, created_time, updated_by, updated_time) VALUES 
(UNHEX(REPLACE('00000000-0000-0000-0000-000000000001','-','')),'DEVELOPER_SUPPORT_ADMIN',UNHEX(REPLACE('00000000-0000-0000-0000-000000000001','-','')),1,'admin@verifone.com', NOW(), 'admin@verifone.com', NOW()),
(UNHEX(REPLACE('00000000-0000-0000-0000-000000000002','-','')),'DEVELOPER_SUPPORT_ADMIN',UNHEX(REPLACE('00000000-0000-0000-0000-000000000002','-','')),2,'admin@verifone.com', NOW(), 'admin@verifone.com', NOW()),
(UNHEX(REPLACE('00000000-0000-0000-0000-000000000003','-','')),'DEVELOPER_SUPPORT_ADMIN',UNHEX(REPLACE('00000000-0000-0000-0000-000000000003','-','')),3,'admin@verifone.com', NOW(), 'admin@verifone.com', NOW()),
(UNHEX(REPLACE('00000000-0000-0000-0000-000000000004','-','')),'DEVELOPER_SUPPORT_ADMIN',UNHEX(REPLACE('00000000-0000-0000-0000-000000000004','-','')),4,'admin@verifone.com', NOW(), 'admin@verifone.com', NOW()),
(UNHEX(REPLACE('00000000-0000-0000-0000-000000000005','-','')),'DEVELOPER_SUPPORT_ADMIN',UNHEX(REPLACE('00000000-0000-0000-0000-000000000005','-','')),5,'admin@verifone.com', NOW(), 'admin@verifone.com', NOW()),
(UNHEX(REPLACE('00000000-0000-0000-0000-000000000006','-','')),'DEVELOPER_SUPPORT_ADMIN',UNHEX(REPLACE('00000000-0000-0000-0000-000000000006','-','')),6,'admin@verifone.com', NOW(), 'admin@verifone.com', NOW()),
(UNHEX(REPLACE('00000000-0000-0000-0000-000000000007','-','')),'BUILT_IN_MUTUAL_SSL',UNHEX(REPLACE('00000000-0000-0000-0000-000000000003','-','')),3,'admin@verifone.com', NOW(), 'admin@verifone.com', NOW()),
(UNHEX(REPLACE('00000000-0000-0000-0000-000000000008','-','')),'BUILT_IN_MUTUAL_SSL',UNHEX(REPLACE('00000000-0000-0000-0000-000000000004','-','')),4,'admin@verifone.com', NOW(), 'admin@verifone.com', NOW()),
(UNHEX(REPLACE('00000000-0000-0000-0000-000000000009','-','')),'BUILT_IN_MUTUAL_SSL',UNHEX(REPLACE('00000000-0000-0000-0000-000000000005','-','')),5,'admin@verifone.com', NOW(), 'admin@verifone.com', NOW()),
(UNHEX(REPLACE('00000000-0000-0000-0000-000000000010','-','')),'BUILT_IN_MUTUAL_SSL',UNHEX(REPLACE('00000000-0000-0000-0000-000000000006','-','')),6,'admin@verifone.com', NOW(), 'admin@verifone.com', NOW()),
(UNHEX(REPLACE('00000000-0000-0000-0000-000000000011','-','')),'DEVELOPER_SUPPORT_ADMIN',UNHEX(REPLACE('00000000-0000-0000-0000-000000000007','-','')),7,'admin@verifone.com', NOW(), 'admin@verifone.com', NOW()),
(UNHEX(REPLACE('00000000-0000-0000-0000-000000000012','-','')),'DEVELOPER_SUPPORT_ADMIN',UNHEX(REPLACE('00000000-0000-0000-0000-000000000008','-','')),8,'admin@verifone.com', NOW(), 'admin@verifone.com', NOW()),
(UNHEX(REPLACE('00000000-0000-0000-0000-000000000013','-','')),'DEVELOPER_SUPPORT_ADMIN',UNHEX(REPLACE('00000000-0000-0000-0000-000000000009','-','')),9,'admin@verifone.com', NOW(), 'admin@verifone.com', NOW()),
(UNHEX(REPLACE('00000000-0000-0000-0000-000000000014','-','')),'DEVELOPER_SUPPORT_ADMIN',UNHEX(REPLACE('00000000-0000-0000-0000-000000000010','-','')),10,'admin@verifone.com', NOW(), 'admin@verifone.com', NOW()),
(UNHEX(REPLACE('00000000-0000-0000-0000-000000000015','-','')),'DEVELOPER_SUPPORT_ADMIN',UNHEX(REPLACE('00000000-0000-0000-0000-000000000011','-','')),11,'admin@verifone.com', NOW(), 'admin@verifone.com', NOW()),
(UNHEX(REPLACE('00000000-0000-0000-0000-000000000016','-','')),'DEVELOPER_SUPPORT_ADMIN',UNHEX(REPLACE('00000000-0000-0000-0000-000000000012','-','')),12,'admin@verifone.com', NOW(), 'admin@verifone.com', NOW()),
(UNHEX(REPLACE('00000000-0000-0000-0000-000000000017','-','')),'BUILT_IN_MUTUAL_SSL',UNHEX(REPLACE('00000000-0000-0000-0000-000000000007','-','')),7,'admin@verifone.com', NOW(), 'admin@verifone.com', NOW()),
(UNHEX(REPLACE('00000000-0000-0000-0000-000000000018','-','')),'BUILT_IN_MUTUAL_SSL',UNHEX(REPLACE('00000000-0000-0000-0000-000000000008','-','')),8,'admin@verifone.com', NOW(), 'admin@verifone.com', NOW()),
(UNHEX(REPLACE('00000000-0000-0000-0000-000000000019','-','')),'BUILT_IN_MUTUAL_SSL',UNHEX(REPLACE('00000000-0000-0000-0000-000000000009','-','')),9,'admin@verifone.com', NOW(), 'admin@verifone.com', NOW()),
(UNHEX(REPLACE('00000000-0000-0000-0000-000000000020','-','')),'BUILT_IN_MUTUAL_SSL',UNHEX(REPLACE('00000000-0000-0000-0000-000000000010','-','')),10,'admin@verifone.com', NOW(), 'admin@verifone.com', NOW()),
(UNHEX(REPLACE('00000000-0000-0000-0000-000000000021','-','')),'DEVELOPER_SUPPORT_ADMIN',UNHEX(REPLACE('00000000-0000-0000-0000-000000000013','-','')),13,'admin@verifone.com', NOW(), 'admin@verifone.com', NOW()),
(UNHEX(REPLACE('00000000-0000-0000-0000-000000000022','-','')),'DEVELOPER_SUPPORT_ADMIN',UNHEX(REPLACE('00000000-0000-0000-0000-000000000014','-','')),14,'admin@verifone.com', NOW(), 'admin@verifone.com', NOW()),
(UNHEX(REPLACE('00000000-0000-0000-0000-000000000023','-','')),'DEVELOPER_SUPPORT_ADMIN',UNHEX(REPLACE('00000000-0000-0000-0000-000000000015','-','')),15,'admin@verifone.com', NOW(), 'admin@verifone.com', NOW()),
(UNHEX(REPLACE('00000000-0000-0000-0000-000000000024','-','')),'DEVELOPER_SUPPORT_ADMIN',UNHEX(REPLACE('00000000-0000-0000-0000-000000000016','-','')),16,'admin@verifone.com', NOW(), 'admin@verifone.com', NOW()),
(UNHEX(REPLACE('00000000-0000-0000-0000-000000000025','-','')),'BUILT_IN_MUTUAL_SSL',UNHEX(REPLACE('00000000-0000-0000-0000-000000000013','-','')),13,'admin@verifone.com', NOW(), 'admin@verifone.com', NOW()),
(UNHEX(REPLACE('00000000-0000-0000-0000-000000000026','-','')),'BUILT_IN_MUTUAL_SSL',UNHEX(REPLACE('00000000-0000-0000-0000-000000000014','-','')),14,'admin@verifone.com', NOW(), 'admin@verifone.com', NOW()),
(UNHEX(REPLACE('00000000-0000-0000-0000-000000000027','-','')),'BUILT_IN_MUTUAL_SSL',UNHEX(REPLACE('00000000-0000-0000-0000-000000000015','-','')),15,'admin@verifone.com', NOW(), 'admin@verifone.com', NOW()),
(UNHEX(REPLACE('00000000-0000-0000-0000-000000000028','-','')),'BUILT_IN_MUTUAL_SSL',UNHEX(REPLACE('00000000-0000-0000-0000-000000000016','-','')),16,'admin@verifone.com', NOW(), 'admin@verifone.com', NOW()),
(UNHEX(REPLACE('00000000-0000-0000-0000-000000000029','-','')),'DEVELOPER_SUPPORT_ADMIN',UNHEX(REPLACE('00000000-0000-0000-0000-000000000017','-','')),17,'admin@verifone.com', NOW(), 'admin@verifone.com', NOW()),
(UNHEX(REPLACE('00000000-0000-0000-0000-000000000030','-','')),'DEVELOPER_SUPPORT_ADMIN',UNHEX(REPLACE('00000000-0000-0000-0000-000000000018','-','')),18,'admin@verifone.com', NOW(), 'admin@verifone.com', NOW()),
(UNHEX(REPLACE('00000000-0000-0000-0000-000000000031','-','')),'DEVELOPER_SUPPORT_ADMIN',UNHEX(REPLACE('00000000-0000-0000-0000-000000000019','-','')),19,'admin@verifone.com', NOW(), 'admin@verifone.com', NOW()),
(UNHEX(REPLACE('00000000-0000-0000-0000-000000000032','-','')),'DEVELOPER_SUPPORT_ADMIN',UNHEX(REPLACE('00000000-0000-0000-0000-000000000020','-','')),20,'admin@verifone.com', NOW(), 'admin@verifone.com', NOW()),
(UNHEX(REPLACE('00000000-0000-0000-0000-000000000033','-','')),'DEVELOPER_SUPPORT_ADMIN',UNHEX(REPLACE('00000000-0000-0000-0000-000000000021','-','')),21,'admin@verifone.com', NOW(), 'admin@verifone.com', NOW()),
(UNHEX(REPLACE('00000000-0000-0000-0000-000000000034','-','')),'BUILT_IN_ALLOW_ALL',UNHEX(REPLACE('00000000-0000-0000-0000-000000000022','-','')),22,'admin@verifone.com', NOW(), 'admin@verifone.com', NOW()),
(UNHEX(REPLACE('00000000-0000-0000-0000-000000000035','-','')),'BUILT_IN_MUTUAL_SSL',UNHEX(REPLACE('00000000-0000-0000-0000-000000000022','-','')),22,'admin@verifone.com', NOW(), 'admin@verifone.com', NOW()),
(UNHEX(REPLACE('00000000-0000-0000-0000-000000000036','-','')),'BUILT_IN_MUTUAL_SSL',UNHEX(REPLACE('00000000-0000-0000-0000-000000000021','-','')),21,'admin@verifone.com', NOW(), 'admin@verifone.com', NOW()),
(UNHEX(REPLACE('00000000-0000-0000-0000-000000000037','-','')),'DEVELOPER_SUPPORT_ADMIN',UNHEX(REPLACE('00000000-0000-0000-0000-000000000023','-','')),23,'admin@verifone.com', NOW(), 'admin@verifone.com', NOW()),
(UNHEX(REPLACE('00000000-0000-0000-0000-000000000038','-','')),'DEVELOPER_SUPPORT_ADMIN',UNHEX(REPLACE('00000000-0000-0000-0000-000000000024','-','')),24,'admin@verifone.com', NOW(), 'admin@verifone.com', NOW()),
(UNHEX(REPLACE('00000000-0000-0000-0000-000000000039','-','')),'DEVELOPER_SUPPORT_ADMIN',UNHEX(REPLACE('00000000-0000-0000-0000-000000000025','-','')),25,'admin@verifone.com', NOW(), 'admin@verifone.com', NOW()),
(UNHEX(REPLACE('00000000-0000-0000-0000-000000000040','-','')),'DEVELOPER_SUPPORT_ADMIN',UNHEX(REPLACE('00000000-0000-0000-0000-000000000026','-','')),26,'admin@verifone.com', NOW(), 'admin@verifone.com', NOW()),
(UNHEX(REPLACE('00000000-0000-0000-0000-000000000041','-','')),'DEVELOPER_SUPPORT_ADMIN',UNHEX(REPLACE('00000000-0000-0000-0000-000000000027','-','')),27,'admin@verifone.com', NOW(), 'admin@verifone.com', NOW()),
(UNHEX(REPLACE('00000000-0000-0000-0000-000000000042','-','')),'BUILT_IN_MUTUAL_SSL',UNHEX(REPLACE('00000000-0000-0000-0000-000000000024','-','')),24,'admin@verifone.com', NOW(), 'admin@verifone.com', NOW()),
(UNHEX(REPLACE('00000000-0000-0000-0000-000000000043','-','')),'BUILT_IN_MUTUAL_SSL',UNHEX(REPLACE('00000000-0000-0000-0000-000000000025','-','')),25,'admin@verifone.com', NOW(), 'admin@verifone.com', NOW()),
(UNHEX(REPLACE('00000000-0000-0000-0000-000000000044','-','')),'BUILT_IN_MUTUAL_SSL',UNHEX(REPLACE('00000000-0000-0000-0000-000000000026','-','')),26,'admin@verifone.com', NOW(), 'admin@verifone.com', NOW()),
(UNHEX(REPLACE('00000000-0000-0000-0000-000000000045','-','')),'BUILT_IN_MUTUAL_SSL',UNHEX(REPLACE('00000000-0000-0000-0000-000000000027','-','')),27,'admin@verifone.com', NOW(), 'admin@verifone.com', NOW()),
(UNHEX(REPLACE('00000000-0000-0000-0000-000000000046','-','')),'DEVELOPER_SUPPORT_ADMIN',UNHEX(REPLACE('00000000-0000-0000-0000-000000000028','-','')),28,'admin@verifone.com', NOW(), 'admin@verifone.com', NOW()),
(UNHEX(REPLACE('00000000-0000-0000-0000-000000000047','-','')),'DEVELOPER_SUPPORT_ADMIN',UNHEX(REPLACE('00000000-0000-0000-0000-000000000029','-','')),29,'admin@verifone.com', NOW(), 'admin@verifone.com', NOW()),
(UNHEX(REPLACE('00000000-0000-0000-0000-000000000048','-','')),'BUILT_IN_MUTUAL_SSL',UNHEX(REPLACE('00000000-0000-0000-0000-000000000028','-','')),28,'admin@verifone.com', NOW(), 'admin@verifone.com', NOW()),
(UNHEX(REPLACE('00000000-0000-0000-0000-000000000049','-','')),'BUILT_IN_MUTUAL_SSL',UNHEX(REPLACE('00000000-0000-0000-0000-000000000029','-','')),29,'admin@verifone.com', NOW(), 'admin@verifone.com', NOW()),
(UNHEX(REPLACE('00000000-0000-0000-0000-000000000050','-','')),'DEVELOPER_SUPPORT_ADMIN',UNHEX(REPLACE('00000000-0000-0000-0000-000000000030','-','')),30,'admin@verifone.com', NOW(), 'admin@verifone.com', NOW()),
(UNHEX(REPLACE('00000000-0000-0000-0000-000000000051','-','')),'DEVELOPER_SUPPORT_ADMIN',UNHEX(REPLACE('00000000-0000-0000-0000-000000000031','-','')),31,'admin@verifone.com', NOW(), 'admin@verifone.com', NOW()),
(UNHEX(REPLACE('00000000-0000-0000-0000-000000000052','-','')),'DEVELOPER_SUPPORT_ADMIN',UNHEX(REPLACE('00000000-0000-0000-0000-000000000032','-','')),32,'admin@verifone.com', NOW(), 'admin@verifone.com', NOW()),
(UNHEX(REPLACE('00000000-0000-0000-0000-000000000053','-','')),'DEVELOPER_SUPPORT_ADMIN',UNHEX(REPLACE('00000000-0000-0000-0000-000000000033','-','')),33,'admin@verifone.com', NOW(), 'admin@verifone.com', NOW()),
(UNHEX(REPLACE('00000000-0000-0000-0000-000000000054','-','')),'DEVELOPER_SUPPORT_ADMIN',UNHEX(REPLACE('00000000-0000-0000-0000-000000000034','-','')),34,'admin@verifone.com', NOW(), 'admin@verifone.com', NOW()),
(UNHEX(REPLACE('00000000-0000-0000-0000-000000000055','-','')),'BUILT_IN_MUTUAL_SSL',UNHEX(REPLACE('00000000-0000-0000-0000-000000000031','-','')),31,'admin@verifone.com', NOW(), 'admin@verifone.com', NOW()),
(UNHEX(REPLACE('00000000-0000-0000-0000-000000000056','-','')),'BUILT_IN_MUTUAL_SSL',UNHEX(REPLACE('00000000-0000-0000-0000-000000000032','-','')),32,'admin@verifone.com', NOW(), 'admin@verifone.com', NOW()),
(UNHEX(REPLACE('00000000-0000-0000-0000-000000000057','-','')),'BUILT_IN_MUTUAL_SSL',UNHEX(REPLACE('00000000-0000-0000-0000-000000000033','-','')),33,'admin@verifone.com', NOW(), 'admin@verifone.com', NOW()),
(UNHEX(REPLACE('00000000-0000-0000-0000-000000000058','-','')),'BUILT_IN_MUTUAL_SSL',UNHEX(REPLACE('00000000-0000-0000-0000-000000000034','-','')),34,'admin@verifone.com', NOW(), 'admin@verifone.com', NOW()),
(UNHEX(REPLACE('00000000-0000-0000-0000-000000000059','-','')),'DEVELOPER_SUPPORT_ADMIN',UNHEX(REPLACE('00000000-0000-0000-0000-000000000035','-','')),35,'admin@verifone.com', NOW(), 'admin@verifone.com', NOW()),
(UNHEX(REPLACE('00000000-0000-0000-0000-000000000060','-','')),'DEVELOPER_SUPPORT_ADMIN',UNHEX(REPLACE('00000000-0000-0000-0000-000000000036','-','')),36,'admin@verifone.com', NOW(), 'admin@verifone.com', NOW()),
(UNHEX(REPLACE('00000000-0000-0000-0000-000000000061','-','')),'DEVELOPER_SUPPORT_ADMIN',UNHEX(REPLACE('00000000-0000-0000-0000-000000000037','-','')),37,'admin@verifone.com', NOW(), 'admin@verifone.com', NOW()),
(UNHEX(REPLACE('00000000-0000-0000-0000-000000000062','-','')),'BUILT_IN_ALLOW_ALL',UNHEX(REPLACE('00000000-0000-0000-0000-000000000038','-','')),38,'admin@verifone.com', NOW(), 'admin@verifone.com', NOW()),
(UNHEX(REPLACE('00000000-0000-0000-0000-000000000063','-','')),'DEVELOPER_SUPPORT_ADMIN',UNHEX(REPLACE('00000000-0000-0000-0000-000000000039','-','')),39,'admin@verifone.com', NOW(), 'admin@verifone.com', NOW()),
(UNHEX(REPLACE('00000000-0000-0000-0000-000000000064','-','')),'DEVELOPER_SUPPORT_ADMIN',UNHEX(REPLACE('00000000-0000-0000-0000-000000000040','-','')),40,'admin@verifone.com', NOW(), 'admin@verifone.com', NOW()),
(UNHEX(REPLACE('00000000-0000-0000-0000-000000000065','-','')),'DEVELOPER_SUPPORT_ADMIN',UNHEX(REPLACE('00000000-0000-0000-0000-000000000041','-','')),41,'admin@verifone.com', NOW(), 'admin@verifone.com', NOW()),
(UNHEX(REPLACE('00000000-0000-0000-0000-000000000066','-','')),'BUILT_IN_ALLOW_ALL',UNHEX(REPLACE('00000000-0000-0000-0000-000000000042','-','')),42,'admin@verifone.com', NOW(), 'admin@verifone.com', NOW()),
(UNHEX(REPLACE('00000000-0000-0000-0000-000000000067','-','')),'DEVELOPER_SUPPORT_ADMIN',UNHEX(REPLACE('00000000-0000-0000-0000-000000000043','-','')),43,'admin@verifone.com', NOW(), 'admin@verifone.com', NOW()),
(UNHEX(REPLACE('00000000-0000-0000-0000-000000000068','-','')),'DEVELOPER_SUPPORT_ADMIN',UNHEX(REPLACE('00000000-0000-0000-0000-000000000044','-','')),44,'admin@verifone.com', NOW(), 'admin@verifone.com', NOW()),
(UNHEX(REPLACE('00000000-0000-0000-0000-000000000069','-','')),'DEVELOPER_SUPPORT_ADMIN',UNHEX(REPLACE('00000000-0000-0000-0000-000000000045','-','')),45,'admin@verifone.com', NOW(), 'admin@verifone.com', NOW()),
(UNHEX(REPLACE('00000000-0000-0000-0000-000000000070','-','')),'BUILT_IN_ALLOW_ALL',UNHEX(REPLACE('00000000-0000-0000-0000-000000000046','-','')),46,'admin@verifone.com', NOW(), 'admin@verifone.com', NOW()),
(UNHEX(REPLACE('00000000-0000-0000-0000-000000000071','-','')),'DEVELOPER_SUPPORT_ADMIN',UNHEX(REPLACE('00000000-0000-0000-0000-000000000047','-','')),47,'admin@verifone.com', NOW(), 'admin@verifone.com', NOW()),
(UNHEX(REPLACE('00000000-0000-0000-0000-000000000072','-','')),'DEVELOPER_SUPPORT_ADMIN',UNHEX(REPLACE('00000000-0000-0000-0000-000000000048','-','')),48,'admin@verifone.com', NOW(), 'admin@verifone.com', NOW()),
(UNHEX(REPLACE('00000000-0000-0000-0000-000000000073','-','')),'DEVELOPER_SUPPORT_ADMIN',UNHEX(REPLACE('00000000-0000-0000-0000-000000000049','-','')),49,'admin@verifone.com', NOW(), 'admin@verifone.com', NOW()),
(UNHEX(REPLACE('00000000-0000-0000-0000-000000000074','-','')),'BUILT_IN_ALLOW_ALL',UNHEX(REPLACE('00000000-0000-0000-0000-000000000050','-','')),50,'admin@verifone.com', NOW(), 'admin@verifone.com', NOW()),
(UNHEX(REPLACE('00000000-0000-0000-0000-000000000075','-','')),'BUILT_IN_MUTUAL_SSL',UNHEX(REPLACE('00000000-0000-0000-0000-000000000050','-','')),50,'admin@verifone.com', NOW(), 'admin@verifone.com', NOW()),
(UNHEX(REPLACE('00000000-0000-0000-0000-000000000076','-','')),'BUILT_IN_MUTUAL_SSL',UNHEX(REPLACE('00000000-0000-0000-0000-000000000047','-','')),47,'admin@verifone.com', NOW(), 'admin@verifone.com', NOW()),
(UNHEX(REPLACE('00000000-0000-0000-0000-000000000077','-','')),'BUILT_IN_MUTUAL_SSL',UNHEX(REPLACE('00000000-0000-0000-0000-000000000048','-','')),48,'admin@verifone.com', NOW(), 'admin@verifone.com', NOW()),
(UNHEX(REPLACE('00000000-0000-0000-0000-000000000078','-','')),'BUILT_IN_MUTUAL_SSL',UNHEX(REPLACE('00000000-0000-0000-0000-000000000049','-','')),49,'admin@verifone.com', NOW(), 'admin@verifone.com', NOW()),
(UNHEX(REPLACE('00000000-0000-0000-0000-000000000079','-','')),'DEVELOPER_SUPPORT_ADMIN',UNHEX(REPLACE('00000000-0000-0000-0000-000000000051','-','')),51,'admin@verifone.com', NOW(), 'admin@verifone.com', NOW()),
(UNHEX(REPLACE('00000000-0000-0000-0000-000000000080','-','')),'DEVELOPER_SUPPORT_ADMIN',UNHEX(REPLACE('00000000-0000-0000-0000-000000000052','-','')),52,'admin@verifone.com', NOW(), 'admin@verifone.com', NOW()),
(UNHEX(REPLACE('00000000-0000-0000-0000-000000000081','-','')),'DEVELOPER_SUPPORT_ADMIN',UNHEX(REPLACE('00000000-0000-0000-0000-000000000053','-','')),53,'admin@verifone.com', NOW(), 'admin@verifone.com', NOW()),
(UNHEX(REPLACE('00000000-0000-0000-0000-000000000082','-','')),'BUILT_IN_ALLOW_ALL',UNHEX(REPLACE('00000000-0000-0000-0000-000000000054','-','')),54,'admin@verifone.com', NOW(), 'admin@verifone.com', NOW()),
(UNHEX(REPLACE('00000000-0000-0000-0000-000000000083','-','')),'BUILT_IN_MUTUAL_SSL',UNHEX(REPLACE('00000000-0000-0000-0000-000000000054','-','')),54,'admin@verifone.com', NOW(), 'admin@verifone.com', NOW()),
(UNHEX(REPLACE('00000000-0000-0000-0000-000000000084','-','')),'BUILT_IN_MUTUAL_SSL',UNHEX(REPLACE('00000000-0000-0000-0000-000000000051','-','')),51,'admin@verifone.com', NOW(), 'admin@verifone.com', NOW()),
(UNHEX(REPLACE('00000000-0000-0000-0000-000000000085','-','')),'BUILT_IN_MUTUAL_SSL',UNHEX(REPLACE('00000000-0000-0000-0000-000000000052','-','')),52,'admin@verifone.com', NOW(), 'admin@verifone.com', NOW()),
(UNHEX(REPLACE('00000000-0000-0000-0000-000000000086','-','')),'BUILT_IN_MUTUAL_SSL',UNHEX(REPLACE('00000000-0000-0000-0000-000000000053','-','')),53,'admin@verifone.com', NOW(), 'admin@verifone.com', NOW()),
(UNHEX(REPLACE('00000000-0000-0000-0000-000000000087','-','')),'DEVELOPER_SUPPORT_ADMIN',UNHEX(REPLACE('00000000-0000-0000-0000-000000000055','-','')),55,'admin@verifone.com', NOW(), 'admin@verifone.com', NOW()),
(UNHEX(REPLACE('00000000-0000-0000-0000-000000000088','-','')),'DEVELOPER_SUPPORT_ADMIN',UNHEX(REPLACE('00000000-0000-0000-0000-000000000056','-','')),56,'admin@verifone.com', NOW(), 'admin@verifone.com', NOW()),
(UNHEX(REPLACE('00000000-0000-0000-0000-000000000089','-','')),'DEVELOPER_SUPPORT_ADMIN',UNHEX(REPLACE('00000000-0000-0000-0000-000000000057','-','')),57,'admin@verifone.com', NOW(), 'admin@verifone.com', NOW()),
(UNHEX(REPLACE('00000000-0000-0000-0000-000000000090','-','')),'BUILT_IN_ALLOW_ALL',UNHEX(REPLACE('00000000-0000-0000-0000-000000000058','-','')),58,'admin@verifone.com', NOW(), 'admin@verifone.com', NOW()),
(UNHEX(REPLACE('00000000-0000-0000-0000-000000000091','-','')),'DEVELOPER_SUPPORT_ADMIN',UNHEX(REPLACE('00000000-0000-0000-0000-000000000059','-','')),59,'admin@verifone.com', NOW(), 'admin@verifone.com', NOW()),
(UNHEX(REPLACE('00000000-0000-0000-0000-000000000092','-','')),'DEVELOPER_SUPPORT_ADMIN',UNHEX(REPLACE('00000000-0000-0000-0000-000000000060','-','')),60,'admin@verifone.com', NOW(), 'admin@verifone.com', NOW()),
(UNHEX(REPLACE('00000000-0000-0000-0000-000000000093','-','')),'DEVELOPER_SUPPORT_ADMIN',UNHEX(REPLACE('00000000-0000-0000-0000-000000000061','-','')),61,'admin@verifone.com', NOW(), 'admin@verifone.com', NOW()),
(UNHEX(REPLACE('00000000-0000-0000-0000-000000000094','-','')),'BUILT_IN_ALLOW_ALL',UNHEX(REPLACE('00000000-0000-0000-0000-000000000062','-','')),62,'admin@verifone.com', NOW(), 'admin@verifone.com', NOW()),
(UNHEX(REPLACE('00000000-0000-0000-0000-000000000095','-','')),'DEVELOPER_SUPPORT_ADMIN',UNHEX(REPLACE('00000000-0000-0000-0000-000000000063','-','')),63,'admin@verifone.com', NOW(), 'admin@verifone.com', NOW()),
(UNHEX(REPLACE('00000000-0000-0000-0000-000000000096','-','')),'DEVELOPER_SUPPORT_ADMIN',UNHEX(REPLACE('00000000-0000-0000-0000-000000000064','-','')),64,'admin@verifone.com', NOW(), 'admin@verifone.com', NOW()),
(UNHEX(REPLACE('00000000-0000-0000-0000-000000000097','-','')),'DEVELOPER_SUPPORT_ADMIN',UNHEX(REPLACE('00000000-0000-0000-0000-000000000065','-','')),65,'admin@verifone.com', NOW(), 'admin@verifone.com', NOW()),
(UNHEX(REPLACE('00000000-0000-0000-0000-000000000098','-','')),'BUILT_IN_ALLOW_ALL',UNHEX(REPLACE('00000000-0000-0000-0000-000000000066','-','')),66,'admin@verifone.com', NOW(), 'admin@verifone.com', NOW()),
(UNHEX(REPLACE('00000000-0000-0000-0000-000000000099','-','')),'DEVELOPER_SUPPORT_ADMIN',UNHEX(REPLACE('00000000-0000-0000-0000-000000000067','-','')),67,'admin@verifone.com', NOW(), 'admin@verifone.com', NOW()),
(UNHEX(REPLACE('00000000-0000-0000-0000-000000000100','-','')),'DEVELOPER_SUPPORT_ADMIN',UNHEX(REPLACE('00000000-0000-0000-0000-000000000068','-','')),68,'admin@verifone.com', NOW(), 'admin@verifone.com', NOW()),
(UNHEX(REPLACE('00000000-0000-0000-0000-000000000101','-','')),'DEVELOPER_SUPPORT_ADMIN',UNHEX(REPLACE('00000000-0000-0000-0000-000000000069','-','')),69,'admin@verifone.com', NOW(), 'admin@verifone.com', NOW()),
(UNHEX(REPLACE('00000000-0000-0000-0000-000000000102','-','')),'BUILT_IN_ALLOW_ALL',UNHEX(REPLACE('00000000-0000-0000-0000-000000000070','-','')),70,'admin@verifone.com', NOW(), 'admin@verifone.com', NOW()),
(UNHEX(REPLACE('00000000-0000-0000-0000-000000000103','-','')),'DEVELOPER_SUPPORT_ADMIN',UNHEX(REPLACE('00000000-0000-0000-0000-000000000071','-','')),71,'admin@verifone.com', NOW(), 'admin@verifone.com', NOW()),
(UNHEX(REPLACE('00000000-0000-0000-0000-000000000104','-','')),'DEVELOPER_SUPPORT_ADMIN',UNHEX(REPLACE('00000000-0000-0000-0000-000000000072','-','')),72,'admin@verifone.com', NOW(), 'admin@verifone.com', NOW()),
(UNHEX(REPLACE('00000000-0000-0000-0000-000000000105','-','')),'DEVELOPER_SUPPORT_ADMIN',UNHEX(REPLACE('00000000-0000-0000-0000-000000000073','-','')),73,'admin@verifone.com', NOW(), 'admin@verifone.com', NOW()),
(UNHEX(REPLACE('00000000-0000-0000-0000-000000000106','-','')),'BUILT_IN_ALLOW_ALL',UNHEX(REPLACE('00000000-0000-0000-0000-000000000074','-','')),74,'admin@verifone.com', NOW(), 'admin@verifone.com', NOW()),
(UNHEX(REPLACE('00000000-0000-0000-0000-000000000107','-','')),'DEVELOPER_SUPPORT_ADMIN',UNHEX(REPLACE('00000000-0000-0000-0000-000000000075','-','')),75,'admin@verifone.com', NOW(), 'admin@verifone.com', NOW()),
(UNHEX(REPLACE('00000000-0000-0000-0000-000000000108','-','')),'DEVELOPER_SUPPORT_ADMIN',UNHEX(REPLACE('00000000-0000-0000-0000-000000000076','-','')),76,'admin@verifone.com', NOW(), 'admin@verifone.com', NOW()),
(UNHEX(REPLACE('00000000-0000-0000-0000-000000000109','-','')),'DEVELOPER_SUPPORT_ADMIN',UNHEX(REPLACE('00000000-0000-0000-0000-000000000077','-','')),77,'admin@verifone.com', NOW(), 'admin@verifone.com', NOW()),
(UNHEX(REPLACE('00000000-0000-0000-0000-000000000110','-','')),'BUILT_IN_ALLOW_ALL',UNHEX(REPLACE('00000000-0000-0000-0000-000000000078','-','')),78,'admin@verifone.com', NOW(), 'admin@verifone.com', NOW()),
(UNHEX(REPLACE('00000000-0000-0000-0000-000000000111','-','')),'DEVELOPER_SUPPORT_ADMIN',UNHEX(REPLACE('00000000-0000-0000-0000-000000000079','-','')),79,'admin@verifone.com', NOW(), 'admin@verifone.com', NOW()),
(UNHEX(REPLACE('00000000-0000-0000-0000-000000000112','-','')),'DEVELOPER_SUPPORT_ADMIN',UNHEX(REPLACE('00000000-0000-0000-0000-000000000080','-','')),80,'admin@verifone.com', NOW(), 'admin@verifone.com', NOW()),
(UNHEX(REPLACE('00000000-0000-0000-0000-000000000113','-','')),'DEVELOPER_SUPPORT_ADMIN',UNHEX(REPLACE('00000000-0000-0000-0000-000000000081','-','')),81,'admin@verifone.com', NOW(), 'admin@verifone.com', NOW()),
(UNHEX(REPLACE('00000000-0000-0000-0000-000000000114','-','')),'BUILT_IN_ALLOW_ALL',UNHEX(REPLACE('00000000-0000-0000-0000-000000000082','-','')),82,'admin@verifone.com', NOW(), 'admin@verifone.com', NOW()),
(UNHEX(REPLACE('00000000-0000-0000-0000-000000000115','-','')),'DEVELOPER_SUPPORT_ADMIN',UNHEX(REPLACE('00000000-0000-0000-0000-000000000083','-','')),83,'admin@verifone.com', NOW(), 'admin@verifone.com', NOW()),
(UNHEX(REPLACE('00000000-0000-0000-0000-000000000116','-','')),'DEVELOPER_SUPPORT_ADMIN',UNHEX(REPLACE('00000000-0000-0000-0000-000000000084','-','')),84,'admin@verifone.com', NOW(), 'admin@verifone.com', NOW()),
(UNHEX(REPLACE('00000000-0000-0000-0000-000000000117','-','')),'DEVELOPER_SUPPORT_ADMIN',UNHEX(REPLACE('00000000-0000-0000-0000-000000000085','-','')),85,'admin@verifone.com', NOW(), 'admin@verifone.com', NOW()),
(UNHEX(REPLACE('00000000-0000-0000-0000-000000000118','-','')),'BUILT_IN_ALLOW_ALL',UNHEX(REPLACE('00000000-0000-0000-0000-000000000086','-','')),86,'admin@verifone.com', NOW(), 'admin@verifone.com', NOW()),
(UNHEX(REPLACE('00000000-0000-0000-0000-000000000119','-','')),'DEVELOPER_SUPPORT_ADMIN',UNHEX(REPLACE('00000000-0000-0000-0000-000000000087','-','')),87,'admin@verifone.com', NOW(), 'admin@verifone.com', NOW()),
(UNHEX(REPLACE('00000000-0000-0000-0000-000000000120','-','')),'DEVELOPER_SUPPORT_ADMIN',UNHEX(REPLACE('00000000-0000-0000-0000-000000000088','-','')),88,'admin@verifone.com', NOW(), 'admin@verifone.com', NOW()),
(UNHEX(REPLACE('00000000-0000-0000-0000-000000000121','-','')),'DEVELOPER_SUPPORT_ADMIN',UNHEX(REPLACE('00000000-0000-0000-0000-000000000089','-','')),89,'admin@verifone.com', NOW(), 'admin@verifone.com', NOW()),
(UNHEX(REPLACE('00000000-0000-0000-0000-000000000122','-','')),'BUILT_IN_ALLOW_ALL',UNHEX(REPLACE('00000000-0000-0000-0000-000000000090','-','')),90,'admin@verifone.com', NOW(), 'admin@verifone.com', NOW()),
(UNHEX(REPLACE('00000000-0000-0000-0000-000000000123','-','')),'BUILT_IN_ALLOW_ALL',UNHEX(REPLACE('00000000-0000-0000-0000-000000000091','-','')),91,'admin@verifone.com', NOW(), 'admin@verifone.com', NOW()),
(UNHEX(REPLACE('00000000-0000-0000-0000-000000000124','-','')),'BUILT_IN_MUTUAL_SSL',UNHEX(REPLACE('00000000-0000-0000-0000-000000000091','-','')),91,'admin@verifone.com', NOW(), 'admin@verifone.com', NOW()),
(UNHEX(REPLACE('00000000-0000-0000-0000-000000000125','-','')),'DEVELOPER_SUPPORT_ADMIN',UNHEX(REPLACE('00000000-0000-0000-0000-000000000092','-','')),92,'admin@verifone.com', NOW(), 'admin@verifone.com', NOW()),
(UNHEX(REPLACE('00000000-0000-0000-0000-000000000126','-','')),'DEVELOPER_SUPPORT_ADMIN',UNHEX(REPLACE('00000000-0000-0000-0000-000000000093','-','')),93,'admin@verifone.com', NOW(), 'admin@verifone.com', NOW()),
(UNHEX(REPLACE('00000000-0000-0000-0000-000000000127','-','')),'DEVELOPER_SUPPORT_ADMIN',UNHEX(REPLACE('00000000-0000-0000-0000-000000000094','-','')),94,'admin@verifone.com', NOW(), 'admin@verifone.com', NOW()),
(UNHEX(REPLACE('00000000-0000-0000-0000-000000000128','-','')),'DEVELOPER_SUPPORT_ADMIN',UNHEX(REPLACE('00000000-0000-0000-0000-000000000095','-','')),95,'admin@verifone.com', NOW(), 'admin@verifone.com', NOW()),
(UNHEX(REPLACE('00000000-0000-0000-0000-000000000129','-','')),'BUILT_IN_MUTUAL_SSL',UNHEX(REPLACE('00000000-0000-0000-0000-000000000092','-','')),92,'admin@verifone.com', NOW(), 'admin@verifone.com', NOW()),
(UNHEX(REPLACE('00000000-0000-0000-0000-000000000130','-','')),'BUILT_IN_MUTUAL_SSL',UNHEX(REPLACE('00000000-0000-0000-0000-000000000093','-','')),93,'admin@verifone.com', NOW(), 'admin@verifone.com', NOW()),
(UNHEX(REPLACE('00000000-0000-0000-0000-000000000131','-','')),'BUILT_IN_MUTUAL_SSL',UNHEX(REPLACE('00000000-0000-0000-0000-000000000094','-','')),94,'admin@verifone.com', NOW(), 'admin@verifone.com', NOW()),
(UNHEX(REPLACE('00000000-0000-0000-0000-000000000132','-','')),'BUILT_IN_MUTUAL_SSL',UNHEX(REPLACE('00000000-0000-0000-0000-000000000095','-','')),95,'admin@verifone.com', NOW(), 'admin@verifone.com', NOW()),
(UNHEX(REPLACE('00000000-0000-0000-0000-000000000133','-','')),'DEVELOPER_SUPPORT_ADMIN',UNHEX(REPLACE('00000000-0000-0000-0000-000000000096','-','')),96,'admin@verifone.com', NOW(), 'admin@verifone.com', NOW()),
(UNHEX(REPLACE('00000000-0000-0000-0000-000000000134','-','')),'DEVELOPER_SUPPORT_ADMIN',UNHEX(REPLACE('00000000-0000-0000-0000-000000000097','-','')),97,'admin@verifone.com', NOW(), 'admin@verifone.com', NOW()),
(UNHEX(REPLACE('00000000-0000-0000-0000-000000000135','-','')),'DEVELOPER_SUPPORT_ADMIN',UNHEX(REPLACE('00000000-0000-0000-0000-000000000098','-','')),98,'admin@verifone.com', NOW(), 'admin@verifone.com', NOW()),
(UNHEX(REPLACE('00000000-0000-0000-0000-000000000136','-','')),'DEVELOPER_SUPPORT_ADMIN',UNHEX(REPLACE('00000000-0000-0000-0000-000000000099','-','')),99,'admin@verifone.com', NOW(), 'admin@verifone.com', NOW()),
(UNHEX(REPLACE('00000000-0000-0000-0000-000000000137','-','')),'BUILT_IN_MUTUAL_SSL',UNHEX(REPLACE('00000000-0000-0000-0000-000000000096','-','')),96,'admin@verifone.com', NOW(), 'admin@verifone.com', NOW()),
(UNHEX(REPLACE('00000000-0000-0000-0000-000000000138','-','')),'BUILT_IN_MUTUAL_SSL',UNHEX(REPLACE('00000000-0000-0000-0000-000000000097','-','')),97,'admin@verifone.com', NOW(), 'admin@verifone.com', NOW()),
(UNHEX(REPLACE('00000000-0000-0000-0000-000000000139','-','')),'BUILT_IN_MUTUAL_SSL',UNHEX(REPLACE('00000000-0000-0000-0000-000000000098','-','')),98,'admin@verifone.com', NOW(), 'admin@verifone.com', NOW()),
(UNHEX(REPLACE('00000000-0000-0000-0000-000000000140','-','')),'BUILT_IN_MUTUAL_SSL',UNHEX(REPLACE('00000000-0000-0000-0000-000000000099','-','')),99,'admin@verifone.com', NOW(), 'admin@verifone.com', NOW()),
(UNHEX(REPLACE('00000000-0000-0000-0000-000000000141','-','')),'DEVELOPER_SUPPORT_ADMIN',UNHEX(REPLACE('00000000-0000-0000-0000-000000000100','-','')),100,'admin@verifone.com', NOW(), 'admin@verifone.com', NOW()),
(UNHEX(REPLACE('00000000-0000-0000-0000-000000000142','-','')),'DEVELOPER_ADMIN',UNHEX(REPLACE('00000000-0000-0000-0000-000000000100','-','')),100,'admin@verifone.com', NOW(), 'admin@verifone.com', NOW()),
(UNHEX(REPLACE('00000000-0000-0000-0000-000000000143','-','')),'DEVELOPER_MEMBER',UNHEX(REPLACE('00000000-0000-0000-0000-000000000100','-','')),100,'admin@verifone.com', NOW(), 'admin@verifone.com', NOW()),
(UNHEX(REPLACE('00000000-0000-0000-0000-000000000144','-','')),'BUILT_IN_MUTUAL_SSL_AND_AUTH',UNHEX(REPLACE('00000000-0000-0000-0000-000000000100','-','')),100,'admin@verifone.com', NOW(), 'admin@verifone.com', NOW()),
(UNHEX(REPLACE('00000000-0000-0000-0000-000000000145','-','')),'DEVELOPER_SUPPORT_ADMIN',UNHEX(REPLACE('00000000-0000-0000-0000-000000000101','-','')),101,'admin@verifone.com', NOW(), 'admin@verifone.com', NOW()),
(UNHEX(REPLACE('00000000-0000-0000-0000-000000000146','-','')),'DEVELOPER_ADMIN',UNHEX(REPLACE('00000000-0000-0000-0000-000000000101','-','')),101,'admin@verifone.com', NOW(), 'admin@verifone.com', NOW()),
(UNHEX(REPLACE('00000000-0000-0000-0000-000000000147','-','')),'DEVELOPER_MEMBER',UNHEX(REPLACE('00000000-0000-0000-0000-000000000101','-','')),101,'admin@verifone.com', NOW(), 'admin@verifone.com', NOW()),
(UNHEX(REPLACE('00000000-0000-0000-0000-000000000148','-','')),'BUILT_IN_MUTUAL_SSL_AND_AUTH',UNHEX(REPLACE('00000000-0000-0000-0000-000000000101','-','')),101,'admin@verifone.com', NOW(), 'admin@verifone.com', NOW()),
(UNHEX(REPLACE('00000000-0000-0000-0000-000000000149','-','')),'DEVELOPER_SUPPORT_ADMIN',UNHEX(REPLACE('00000000-0000-0000-0000-000000000102','-','')),102,'admin@verifone.com', NOW(), 'admin@verifone.com', NOW()),
(UNHEX(REPLACE('00000000-0000-0000-0000-000000000150','-','')),'DEVELOPER_ADMIN',UNHEX(REPLACE('00000000-0000-0000-0000-000000000102','-','')),102,'admin@verifone.com', NOW(), 'admin@verifone.com', NOW()),
(UNHEX(REPLACE('00000000-0000-0000-0000-000000000151','-','')),'BUILT_IN_MUTUAL_SSL_AND_AUTH',UNHEX(REPLACE('00000000-0000-0000-0000-000000000102','-','')),102,'admin@verifone.com', NOW(), 'admin@verifone.com', NOW()),
(UNHEX(REPLACE('00000000-0000-0000-0000-000000000152','-','')),'DEVELOPER_SUPPORT_ADMIN',UNHEX(REPLACE('00000000-0000-0000-0000-000000000103','-','')),103,'admin@verifone.com', NOW(), 'admin@verifone.com', NOW()),
(UNHEX(REPLACE('00000000-0000-0000-0000-000000000153','-','')),'DEVELOPER_ADMIN',UNHEX(REPLACE('00000000-0000-0000-0000-000000000103','-','')),103,'admin@verifone.com', NOW(), 'admin@verifone.com', NOW()),
(UNHEX(REPLACE('00000000-0000-0000-0000-000000000154','-','')),'DEVELOPER_MEMBER',UNHEX(REPLACE('00000000-0000-0000-0000-000000000103','-','')),103,'admin@verifone.com', NOW(), 'admin@verifone.com', NOW()),
(UNHEX(REPLACE('00000000-0000-0000-0000-000000000155','-','')),'EO_ADMIN',UNHEX(REPLACE('00000000-0000-0000-0000-000000000103','-','')),103,'admin@verifone.com', NOW(), 'admin@verifone.com', NOW()),
(UNHEX(REPLACE('00000000-0000-0000-0000-000000000156','-','')),'BUILT_IN_MUTUAL_SSL_AND_AUTH',UNHEX(REPLACE('00000000-0000-0000-0000-000000000103','-','')),103,'admin@verifone.com', NOW(), 'admin@verifone.com', NOW()),
(UNHEX(REPLACE('00000000-0000-0000-0000-000000000157','-','')),'DEVELOPER_SUPPORT_ADMIN',UNHEX(REPLACE('00000000-0000-0000-0000-000000000104','-','')),104,'admin@verifone.com', NOW(), 'admin@verifone.com', NOW()),
(UNHEX(REPLACE('00000000-0000-0000-0000-000000000158','-','')),'DEVELOPER_ADMIN',UNHEX(REPLACE('00000000-0000-0000-0000-000000000104','-','')),104,'admin@verifone.com', NOW(), 'admin@verifone.com', NOW()),
(UNHEX(REPLACE('00000000-0000-0000-0000-000000000159','-','')),'EO_ADMIN',UNHEX(REPLACE('00000000-0000-0000-0000-000000000104','-','')),104,'admin@verifone.com', NOW(), 'admin@verifone.com', NOW()),
(UNHEX(REPLACE('00000000-0000-0000-0000-000000000160','-','')),'BUILT_IN_MUTUAL_SSL_AND_AUTH',UNHEX(REPLACE('00000000-0000-0000-0000-000000000104','-','')),104,'admin@verifone.com', NOW(), 'admin@verifone.com', NOW()),
(UNHEX(REPLACE('00000000-0000-0000-0000-000000000161','-','')),'DEVELOPER_SUPPORT_ADMIN',UNHEX(REPLACE('00000000-0000-0000-0000-000000000105','-','')),105,'admin@verifone.com', NOW(), 'admin@verifone.com', NOW()),
(UNHEX(REPLACE('00000000-0000-0000-0000-000000000162','-','')),'DEVELOPER_ADMIN',UNHEX(REPLACE('00000000-0000-0000-0000-000000000105','-','')),105,'admin@verifone.com', NOW(), 'admin@verifone.com', NOW()),
(UNHEX(REPLACE('00000000-0000-0000-0000-000000000163','-','')),'EO_ADMIN',UNHEX(REPLACE('00000000-0000-0000-0000-000000000105','-','')),105,'admin@verifone.com', NOW(), 'admin@verifone.com', NOW()),
(UNHEX(REPLACE('00000000-0000-0000-0000-000000000164','-','')),'BUILT_IN_MUTUAL_SSL_AND_AUTH',UNHEX(REPLACE('00000000-0000-0000-0000-000000000105','-','')),105,'admin@verifone.com', NOW(), 'admin@verifone.com', NOW()),
(UNHEX(REPLACE('00000000-0000-0000-0000-000000000165','-','')),'BUILT_IN_MUTUAL_SSL_AND_WHITELIST_SPID',UNHEX(REPLACE('00000000-0000-0000-0000-000000000105','-','')),105,'admin@verifone.com', NOW(), 'admin@verifone.com', NOW()),
(UNHEX(REPLACE('00000000-0000-0000-0000-000000000166','-','')),'EO_ADMIN',UNHEX(REPLACE('00000000-0000-0000-0000-000000000106','-','')),106,'admin@verifone.com', NOW(), 'admin@verifone.com', NOW()),
(UNHEX(REPLACE('00000000-0000-0000-0000-000000000167','-','')),'DEVELOPER_SUPPORT_ADMIN',UNHEX(REPLACE('00000000-0000-0000-0000-000000000106','-','')),106,'admin@verifone.com', NOW(), 'admin@verifone.com', NOW()),
(UNHEX(REPLACE('00000000-0000-0000-0000-000000000168','-','')),'BUILT_IN_MUTUAL_SSL_AND_AUTH',UNHEX(REPLACE('00000000-0000-0000-0000-000000000106','-','')),106,'admin@verifone.com', NOW(), 'admin@verifone.com', NOW()),
(UNHEX(REPLACE('00000000-0000-0000-0000-000000000169','-','')),'DEVELOPER_SUPPORT_ADMIN',UNHEX(REPLACE('00000000-0000-0000-0000-000000000107','-','')),107,'admin@verifone.com', NOW(), 'admin@verifone.com', NOW()),
(UNHEX(REPLACE('00000000-0000-0000-0000-000000000170','-','')),'BUILT_IN_MUTUAL_SSL',UNHEX(REPLACE('00000000-0000-0000-0000-000000000107','-','')),107,'admin@verifone.com', NOW(), 'admin@verifone.com', NOW()),
(UNHEX(REPLACE('00000000-0000-0000-0000-000000000171','-','')),'DEVELOPER_SUPPORT_ADMIN',UNHEX(REPLACE('00000000-0000-0000-0000-000000000108','-','')),108,'admin@verifone.com', NOW(), 'admin@verifone.com', NOW()),
(UNHEX(REPLACE('00000000-0000-0000-0000-000000000172','-','')),'DEVELOPER_ADMIN',UNHEX(REPLACE('00000000-0000-0000-0000-000000000108','-','')),108,'admin@verifone.com', NOW(), 'admin@verifone.com', NOW()),
(UNHEX(REPLACE('00000000-0000-0000-0000-000000000173','-','')),'DEVELOPER_MEMBER',UNHEX(REPLACE('00000000-0000-0000-0000-000000000108','-','')),108,'admin@verifone.com', NOW(), 'admin@verifone.com', NOW()),
(UNHEX(REPLACE('00000000-0000-0000-0000-000000000174','-','')),'BUILT_IN_MUTUAL_SSL_AND_AUTH',UNHEX(REPLACE('00000000-0000-0000-0000-000000000108','-','')),108,'admin@verifone.com', NOW(), 'admin@verifone.com', NOW()),
(UNHEX(REPLACE('00000000-0000-0000-0000-000000000175','-','')),'DEVELOPER_SUPPORT_ADMIN',UNHEX(REPLACE('00000000-0000-0000-0000-000000000109','-','')),109,'admin@verifone.com', NOW(), 'admin@verifone.com', NOW()),
(UNHEX(REPLACE('00000000-0000-0000-0000-000000000176','-','')),'BUILT_IN_MUTUAL_SSL',UNHEX(REPLACE('00000000-0000-0000-0000-000000000109','-','')),109,'admin@verifone.com', NOW(), 'admin@verifone.com', NOW()),
(UNHEX(REPLACE('00000000-0000-0000-0000-000000000177','-','')),'BUILT_IN_ALLOW_ALL',UNHEX(REPLACE('00000000-0000-0000-0000-000000000110','-','')),110,'admin@verifone.com', NOW(), 'admin@verifone.com', NOW()),
(UNHEX(REPLACE('00000000-0000-0000-0000-000000000178','-','')),'DEVELOPER_SUPPORT_ADMIN',UNHEX(REPLACE('00000000-0000-0000-0000-000000000111','-','')),111,'admin@verifone.com', NOW(), 'admin@verifone.com', NOW()),
(UNHEX(REPLACE('00000000-0000-0000-0000-000000000179','-','')),'BUILT_IN_MUTUAL_SSL',UNHEX(REPLACE('00000000-0000-0000-0000-000000000110','-','')),110,'admin@verifone.com', NOW(), 'admin@verifone.com', NOW()),
(UNHEX(REPLACE('00000000-0000-0000-0000-000000000180','-','')),'BUILT_IN_MUTUAL_SSL',UNHEX(REPLACE('00000000-0000-0000-0000-000000000111','-','')),111,'admin@verifone.com', NOW(), 'admin@verifone.com', NOW()),
(UNHEX(REPLACE('00000000-0000-0000-0000-000000000181','-','')),'DEVELOPER_SUPPORT_ADMIN',UNHEX(REPLACE('00000000-0000-0000-0000-000000000112','-','')),112,'admin@verifone.com', NOW(), 'admin@verifone.com', NOW()),
(UNHEX(REPLACE('00000000-0000-0000-0000-000000000182','-','')),'BUILT_IN_MUTUAL_SSL',UNHEX(REPLACE('00000000-0000-0000-0000-000000000112','-','')),112,'admin@verifone.com', NOW(), 'admin@verifone.com', NOW()),
(UNHEX(REPLACE('00000000-0000-0000-0000-000000000183','-','')),'BUILT_IN_ALLOW_ALL',UNHEX(REPLACE('00000000-0000-0000-0000-000000000113','-','')),113,'admin@verifone.com', NOW(), 'admin@verifone.com', NOW()),
(UNHEX(REPLACE('00000000-0000-0000-0000-000000000184','-','')),'BUILT_IN_MUTUAL_SSL',UNHEX(REPLACE('00000000-0000-0000-0000-000000000113','-','')),113,'admin@verifone.com', NOW(), 'admin@verifone.com', NOW()),
(UNHEX(REPLACE('00000000-0000-0000-0000-000000000185','-','')),'BUILT_IN_ALLOW_ALL',UNHEX(REPLACE('00000000-0000-0000-0000-000000000114','-','')),114,'admin@verifone.com', NOW(), 'admin@verifone.com', NOW()),
(UNHEX(REPLACE('00000000-0000-0000-0000-000000000186','-','')),'DEVELOPER_SUPPORT_ADMIN',UNHEX(REPLACE('00000000-0000-0000-0000-000000000115','-','')),115,'admin@verifone.com', NOW(), 'admin@verifone.com', NOW()),
(UNHEX(REPLACE('00000000-0000-0000-0000-000000000187','-','')),'DEVELOPER_SUPPORT_ADMIN',UNHEX(REPLACE('00000000-0000-0000-0000-000000000116','-','')),116,'admin@verifone.com', NOW(), 'admin@verifone.com', NOW()),
(UNHEX(REPLACE('00000000-0000-0000-0000-000000000188','-','')),'DEVELOPER_SUPPORT_ADMIN',UNHEX(REPLACE('00000000-0000-0000-0000-000000000117','-','')),117,'admin@verifone.com', NOW(), 'admin@verifone.com', NOW()),
(UNHEX(REPLACE('00000000-0000-0000-0000-000000000189','-','')),'DEVELOPER_SUPPORT_ADMIN',UNHEX(REPLACE('00000000-0000-0000-0000-000000000118','-','')),118,'admin@verifone.com', NOW(), 'admin@verifone.com', NOW()),
(UNHEX(REPLACE('00000000-0000-0000-0000-000000000190','-','')),'BUILT_IN_MUTUAL_SSL',UNHEX(REPLACE('00000000-0000-0000-0000-000000000115','-','')),115,'admin@verifone.com', NOW(), 'admin@verifone.com', NOW()),
(UNHEX(REPLACE('00000000-0000-0000-0000-000000000191','-','')),'BUILT_IN_MUTUAL_SSL',UNHEX(REPLACE('00000000-0000-0000-0000-000000000116','-','')),116,'admin@verifone.com', NOW(), 'admin@verifone.com', NOW()),
(UNHEX(REPLACE('00000000-0000-0000-0000-000000000192','-','')),'BUILT_IN_MUTUAL_SSL',UNHEX(REPLACE('00000000-0000-0000-0000-000000000117','-','')),117,'admin@verifone.com', NOW(), 'admin@verifone.com', NOW()),
(UNHEX(REPLACE('00000000-0000-0000-0000-000000000193','-','')),'BUILT_IN_MUTUAL_SSL',UNHEX(REPLACE('00000000-0000-0000-0000-000000000118','-','')),118,'admin@verifone.com', NOW(), 'admin@verifone.com', NOW()),
(UNHEX(REPLACE('00000000-0000-0000-0000-000000000194','-','')),'DEVELOPER_SUPPORT_ADMIN',UNHEX(REPLACE('00000000-0000-0000-0000-000000000119','-','')),119,'admin@verifone.com', NOW(), 'admin@verifone.com', NOW()),
(UNHEX(REPLACE('00000000-0000-0000-0000-000000000195','-','')),'BUILT_IN_MUTUAL_SSL',UNHEX(REPLACE('00000000-0000-0000-0000-000000000119','-','')),119,'admin@verifone.com', NOW(), 'admin@verifone.com', NOW()),
(UNHEX(REPLACE('00000000-0000-0000-0000-000000000196','-','')),'DEVELOPER_SUPPORT_ADMIN',UNHEX(REPLACE('00000000-0000-0000-0000-000000000120','-','')),120,'admin@verifone.com', NOW(), 'admin@verifone.com', NOW()),
(UNHEX(REPLACE('00000000-0000-0000-0000-000000000197','-','')),'DEVELOPER_ADMIN',UNHEX(REPLACE('00000000-0000-0000-0000-000000000120','-','')),120,'admin@verifone.com', NOW(), 'admin@verifone.com', NOW()),
(UNHEX(REPLACE('00000000-0000-0000-0000-000000000198','-','')),'BUILT_IN_MUTUAL_SSL',UNHEX(REPLACE('00000000-0000-0000-0000-000000000120','-','')),120,'admin@verifone.com', NOW(), 'admin@verifone.com', NOW());

DELETE FROM `translations` WHERE `code_id` in ('DELETE','Upload'); 

INSERT INTO `translations` (`guid`, `language_code_id`, `code_id`, `name`, `status_id`, `created_by`, `created_time`, `updated_by`, `updated_time`) VALUES
	(UNHEX(REPLACE(UUID(),'-','')), 'en-us', 'Workgroup', 'Roles', 'A', 'admin@verifone.com', NOW(), 'admin@verifone.com', NOW()),
	(UNHEX(REPLACE(UUID(),'-','')), 'he', 'Workgroup', '', 'A', 'admin@verifone.com', NOW(), 'admin@verifone.com', NOW()),	
	(UNHEX(REPLACE(UUID(),'-','')), 'en-us', 'guid_Workgroup', 'Guid', 'A', 'admin@verifone.com', NOW(), 'admin@verifone.com', NOW()),
	(UNHEX(REPLACE(UUID(),'-','')), 'he', 'guid_Workgroup', '', 'A', 'admin@verifone.com', NOW(), 'admin@verifone.com', NOW()),
	(UNHEX(REPLACE(UUID(),'-','')), 'en-us', 'name_Workgroup', 'Name', 'A', 'admin@verifone.com', NOW(), 'admin@verifone.com', NOW()),
	(UNHEX(REPLACE(UUID(),'-','')), 'he', 'name_Workgroup', '', 'A', 'admin@verifone.com', NOW(), 'admin@verifone.com', NOW()),	
	(UNHEX(REPLACE(UUID(),'-','')), 'en-us', 'desc_Workgroup', 'Description', 'A', 'admin@verifone.com', NOW(), 'admin@verifone.com', NOW()),
	(UNHEX(REPLACE(UUID(),'-','')), 'he', 'desc_Workgroup', '', 'A', 'admin@verifone.com', NOW(), 'admin@verifone.com', NOW()),
	(UNHEX(REPLACE(UUID(),'-','')), 'en-us', 'View', 'View', 'A', 'admin@verifone.com', NOW(), 'admin@verifone.com', NOW()),
	(UNHEX(REPLACE(UUID(),'-','')), 'he', 'View', '', 'A', 'admin@verifone.com', NOW(), 'admin@verifone.com', NOW()),	
	(UNHEX(REPLACE(UUID(),'-','')), 'en-us', 'Update', 'Update', 'A', 'admin@verifone.com', NOW(), 'admin@verifone.com', NOW()),
	(UNHEX(REPLACE(UUID(),'-','')), 'he', 'Update', '', 'A', 'admin@verifone.com', NOW(), 'admin@verifone.com', NOW()),	
	(UNHEX(REPLACE(UUID(),'-','')), 'en-us', 'Add', 'Add', 'A', 'admin@verifone.com', NOW(), 'admin@verifone.com', NOW()),
	(UNHEX(REPLACE(UUID(),'-','')), 'he', 'Add', '', 'A', 'admin@verifone.com', NOW(), 'admin@verifone.com', NOW()),
	(UNHEX(REPLACE(UUID(),'-','')), 'en-us', 'Activities', 'Activities', 'A', 'admin@verifone.com', NOW(), 'admin@verifone.com', NOW()),
	(UNHEX(REPLACE(UUID(),'-','')), 'he', 'Activities', '', 'A', 'admin@verifone.com', NOW(), 'admin@verifone.com', NOW()),
    	(UNHEX(REPLACE(UUID(),'-','')), 'en-us', 'CallBackHandler', 'Main screen', 'A', 'admin@verifone.com', NOW(), 'admin@verifone.com', NOW()),
	(UNHEX(REPLACE(UUID(),'-','')), 'he', 'CallBackHandler', ' ', 'A', 'admin@verifone.com', NOW(), 'admin@verifone.com', NOW()),
    	(UNHEX(REPLACE(UUID(),'-','')), 'en-us', 'RoleActivities', 'Role activities', 'A', 'admin@verifone.com', NOW(), 'admin@verifone.com', NOW()),
	(UNHEX(REPLACE(UUID(),'-','')), 'he', 'RoleActivities', ' ', 'A', 'admin@verifone.com', NOW(), 'admin@verifone.com', NOW()),
    	(UNHEX(REPLACE(UUID(),'-','')), 'en-us', 'MenuNodes', 'Menu', 'A', 'admin@verifone.com', NOW(), 'admin@verifone.com', NOW()),
	(UNHEX(REPLACE(UUID(),'-','')), 'he', 'MenuNodes', '', 'A', 'admin@verifone.com', NOW(), 'admin@verifone.com', NOW()),
	(UNHEX(REPLACE(UUID(),'-','')), 'en-us', 'Delete', 'Delete', 'A', 'admin@verifone.com', NOW(), 'admin@verifone.com', NOW()),
	(UNHEX(REPLACE(UUID(),'-','')), 'he', 'Delete', '', 'A', 'admin@verifone.com', NOW(), 'admin@verifone.com', NOW()),
	(UNHEX(REPLACE(UUID(),'-','')), 'en-us', 'Upload', 'Upload', 'A', 'admin@verifone.com', NOW(), 'admin@verifone.com', NOW()),
	(UNHEX(REPLACE(UUID(),'-','')), 'he', 'Upload', '', 'A', 'admin@verifone.com', NOW(), 'admin@verifone.com', NOW());    

-- CPP-1489
DELETE FROM `translations` WHERE `code_id`='MultiActivationSubHeader' and language_code_id='en-us'; 
INSERT INTO `translations` (`guid`, `language_code_id`, `code_id`, `name`, `status_id`, `created_by`, `created_time`, `updated_by`, `updated_time`) VALUES 
	(UNHEX(REPLACE(UUID(),'-','')), 'en-us', 'MultiActivationSubHeader', 'Please enter the serial numbers of the terminals or sponsors to be activated/deactivated separated with commas.', 'A', 'admin@verifone.com', NOW(), 'admin@verifone.com', NOW());

-- CPP-1488
DELETE FROM `translations` WHERE `code_id`='MultiActivationHeader' and language_code_id='en-us'; 
INSERT INTO `translations` (`guid`, `language_code_id`, `code_id`, `name`, `status_id`, `created_by`, `created_time`, `updated_by`, `updated_time`) VALUES 
	(UNHEX(REPLACE(UUID(),'-','')), 'en-us', 'MultiActivationHeader', 'Activate/Deactivate Terminals', 'A', 'admin@verifone.com', NOW(), 'admin@verifone.com', NOW());

-- CPP-1541
DELETE FROM `translations` WHERE `code_id`='ERR_SponsorSerialNumber' and `language_code_id`='en-us';
DELETE FROM `translations` WHERE `code_id`='ERR_SponsorSerialNumber' and `language_code_id`='he';
INSERT INTO `translations` (`guid`, `language_code_id`, `code_id`, `name`, `status_id`, `created_by`, `created_time`, `updated_by`, `updated_time`) VALUES 
	(UNHEX(REPLACE(UUID(),'-','')), 'en-us', 'ERR_SponsorSerialNumber', 'The valid format for sponsor is 6 digits and for serial is nnn-nnn-nnn or *', 'A', 'admin@verifone.com', NOW(), 'admin@verifone.com', NOW());
	
